fwer,sensitivity,sm_sigma,snr,n,method,distribution
0.0,0.0,0.0,0.0,2,Voxel-wise permutation,n
0.0,0.0,0.0,0.1,2,Voxel-wise permutation,n
0.0,0.0,0.0,0.25,2,Voxel-wise permutation,n
0.0,0.0,0.0,0.5,2,Voxel-wise permutation,n
0.0,0.0,0.0,0.75,2,Voxel-wise permutation,n
0.0,0.0,0.0,1.0,2,Voxel-wise permutation,n
0.0,0.0,0.0,1.25,2,Voxel-wise permutation,n
0.0,0.0,0.0,1.5,2,Voxel-wise permutation,n
0.0,0.0,0.0,1.75,2,Voxel-wise permutation,n
0.0,0.0,0.0,2.0,2,Voxel-wise permutation,n
0.0,0.0,0.0,2.25,2,Voxel-wise permutation,n
0.0,0.0,0.0,2.5,2,Voxel-wise permutation,n
0.0,0.0,0.0,2.75,2,Voxel-wise permutation,n
0.0,0.0,0.0,3.0,2,Voxel-wise permutation,n
0.0,0.0,0.1,0.0,2,Voxel-wise permutation,n
0.0,0.0,0.1,0.1,2,Voxel-wise permutation,n
0.0,0.0,0.1,0.25,2,Voxel-wise permutation,n
0.0,0.0,0.1,0.5,2,Voxel-wise permutation,n
0.0,0.0,0.1,0.75,2,Voxel-wise permutation,n
0.0,0.0,0.1,1.0,2,Voxel-wise permutation,n
0.0,0.0,0.1,1.25,2,Voxel-wise permutation,n
0.0,0.0,0.1,1.5,2,Voxel-wise permutation,n
0.0,0.0,0.1,1.75,2,Voxel-wise permutation,n
0.0,0.0,0.1,2.0,2,Voxel-wise permutation,n
0.0,0.0,0.1,2.25,2,Voxel-wise permutation,n
0.0,0.0,0.1,2.5,2,Voxel-wise permutation,n
0.0,0.0,0.1,2.75,2,Voxel-wise permutation,n
0.0,0.0,0.1,3.0,2,Voxel-wise permutation,n
0.0,0.0,0.25,0.0,2,Voxel-wise permutation,n
0.0,0.0,0.25,0.1,2,Voxel-wise permutation,n
0.0,0.0,0.25,0.25,2,Voxel-wise permutation,n
0.0,0.0,0.25,0.5,2,Voxel-wise permutation,n
0.0,0.0,0.25,0.75,2,Voxel-wise permutation,n
0.0,0.0,0.25,1.0,2,Voxel-wise permutation,n
0.0,0.0,0.25,1.25,2,Voxel-wise permutation,n
0.0,0.0,0.25,1.5,2,Voxel-wise permutation,n
0.0,0.0,0.25,1.75,2,Voxel-wise permutation,n
0.0,0.0,0.25,2.0,2,Voxel-wise permutation,n
0.0,0.0,0.25,2.25,2,Voxel-wise permutation,n
0.0,0.0,0.25,2.5,2,Voxel-wise permutation,n
0.0,0.0,0.25,2.75,2,Voxel-wise permutation,n
0.0,0.0,0.25,3.0,2,Voxel-wise permutation,n
0.0,0.0,0.5,0.0,2,Voxel-wise permutation,n
0.0,0.0,0.5,0.1,2,Voxel-wise permutation,n
0.0,0.0,0.5,0.25,2,Voxel-wise permutation,n
0.0,0.0,0.5,0.5,2,Voxel-wise permutation,n
0.0,0.0,0.5,0.75,2,Voxel-wise permutation,n
0.0,0.0,0.5,1.0,2,Voxel-wise permutation,n
0.0,0.0,0.5,1.25,2,Voxel-wise permutation,n
0.0,0.0,0.5,1.5,2,Voxel-wise permutation,n
0.0,0.0,0.5,1.75,2,Voxel-wise permutation,n
0.0,0.0,0.5,2.0,2,Voxel-wise permutation,n
0.0,0.0,0.5,2.25,2,Voxel-wise permutation,n
0.0,0.0,0.5,2.5,2,Voxel-wise permutation,n
0.0,0.0,0.5,2.75,2,Voxel-wise permutation,n
0.0,0.0,0.5,3.0,2,Voxel-wise permutation,n
0.0,0.0,0.75,0.0,2,Voxel-wise permutation,n
0.0,0.0,0.75,0.1,2,Voxel-wise permutation,n
0.0,0.0,0.75,0.25,2,Voxel-wise permutation,n
0.0,0.0,0.75,0.5,2,Voxel-wise permutation,n
0.0,0.0,0.75,0.75,2,Voxel-wise permutation,n
0.0,0.0,0.75,1.0,2,Voxel-wise permutation,n
0.0,0.0,0.75,1.25,2,Voxel-wise permutation,n
0.0,0.0,0.75,1.5,2,Voxel-wise permutation,n
0.0,0.0,0.75,1.75,2,Voxel-wise permutation,n
0.0,0.0,0.75,2.0,2,Voxel-wise permutation,n
0.0,0.0,0.75,2.25,2,Voxel-wise permutation,n
0.0,0.0,0.75,2.5,2,Voxel-wise permutation,n
0.0,0.0,0.75,2.75,2,Voxel-wise permutation,n
0.0,0.0,0.75,3.0,2,Voxel-wise permutation,n
0.0,0.0,1.0,0.0,2,Voxel-wise permutation,n
0.0,0.0,1.0,0.1,2,Voxel-wise permutation,n
0.0,0.0,1.0,0.25,2,Voxel-wise permutation,n
0.0,0.0,1.0,0.5,2,Voxel-wise permutation,n
0.0,0.0,1.0,0.75,2,Voxel-wise permutation,n
0.0,0.0,1.0,1.0,2,Voxel-wise permutation,n
0.0,0.0,1.0,1.25,2,Voxel-wise permutation,n
0.0,0.0,1.0,1.5,2,Voxel-wise permutation,n
0.0,0.0,1.0,1.75,2,Voxel-wise permutation,n
0.0,0.0,1.0,2.0,2,Voxel-wise permutation,n
0.0,0.0,1.0,2.25,2,Voxel-wise permutation,n
0.0,0.0,1.0,2.5,2,Voxel-wise permutation,n
0.0,0.0,1.0,2.75,2,Voxel-wise permutation,n
0.0,0.0,1.0,3.0,2,Voxel-wise permutation,n
0.0,0.0,1.25,0.0,2,Voxel-wise permutation,n
0.0,0.0,1.25,0.1,2,Voxel-wise permutation,n
0.0,0.0,1.25,0.25,2,Voxel-wise permutation,n
0.0,0.0,1.25,0.5,2,Voxel-wise permutation,n
0.0,0.0,1.25,0.75,2,Voxel-wise permutation,n
0.0,0.0,1.25,1.0,2,Voxel-wise permutation,n
0.0,0.0,1.25,1.25,2,Voxel-wise permutation,n
0.0,0.0,1.25,1.5,2,Voxel-wise permutation,n
0.0,0.0,1.25,1.75,2,Voxel-wise permutation,n
0.0,0.0,1.25,2.0,2,Voxel-wise permutation,n
0.0,0.0,1.25,2.25,2,Voxel-wise permutation,n
0.0,0.0,1.25,2.5,2,Voxel-wise permutation,n
0.0,0.0,1.25,2.75,2,Voxel-wise permutation,n
0.0,0.0,1.25,3.0,2,Voxel-wise permutation,n
0.0,0.0,1.5,0.0,2,Voxel-wise permutation,n
0.0,0.0,1.5,0.1,2,Voxel-wise permutation,n
0.0,0.0,1.5,0.25,2,Voxel-wise permutation,n
0.0,0.0,1.5,0.5,2,Voxel-wise permutation,n
0.0,0.0,1.5,0.75,2,Voxel-wise permutation,n
0.0,0.0,1.5,1.0,2,Voxel-wise permutation,n
0.0,0.0,1.5,1.25,2,Voxel-wise permutation,n
0.0,0.0,1.5,1.5,2,Voxel-wise permutation,n
0.0,0.0,1.5,1.75,2,Voxel-wise permutation,n
0.0,0.0,1.5,2.0,2,Voxel-wise permutation,n
0.0,0.0,1.5,2.25,2,Voxel-wise permutation,n
0.0,0.0,1.5,2.5,2,Voxel-wise permutation,n
0.0,0.0,1.5,2.75,2,Voxel-wise permutation,n
0.0,0.0,1.5,3.0,2,Voxel-wise permutation,n
0.0,0.0,1.75,0.0,2,Voxel-wise permutation,n
0.0,0.0,1.75,0.1,2,Voxel-wise permutation,n
0.0,0.0,1.75,0.25,2,Voxel-wise permutation,n
0.0,0.0,1.75,0.5,2,Voxel-wise permutation,n
0.0,0.0,1.75,0.75,2,Voxel-wise permutation,n
0.0,0.0,1.75,1.0,2,Voxel-wise permutation,n
0.0,0.0,1.75,1.25,2,Voxel-wise permutation,n
0.0,0.0,1.75,1.5,2,Voxel-wise permutation,n
0.0,0.0,1.75,1.75,2,Voxel-wise permutation,n
0.0,0.0,1.75,2.0,2,Voxel-wise permutation,n
0.0,0.0,1.75,2.25,2,Voxel-wise permutation,n
0.0,0.0,1.75,2.5,2,Voxel-wise permutation,n
0.0,0.0,1.75,2.75,2,Voxel-wise permutation,n
0.0,0.0,1.75,3.0,2,Voxel-wise permutation,n
0.0,0.0,2.0,0.0,2,Voxel-wise permutation,n
0.0,0.0,2.0,0.1,2,Voxel-wise permutation,n
0.0,0.0,2.0,0.25,2,Voxel-wise permutation,n
0.0,0.0,2.0,0.5,2,Voxel-wise permutation,n
0.0,0.0,2.0,0.75,2,Voxel-wise permutation,n
0.0,0.0,2.0,1.0,2,Voxel-wise permutation,n
0.0,0.0,2.0,1.25,2,Voxel-wise permutation,n
0.0,0.0,2.0,1.5,2,Voxel-wise permutation,n
0.0,0.0,2.0,1.75,2,Voxel-wise permutation,n
0.0,0.0,2.0,2.0,2,Voxel-wise permutation,n
0.0,0.0,2.0,2.25,2,Voxel-wise permutation,n
0.0,0.0,2.0,2.5,2,Voxel-wise permutation,n
0.0,0.0,2.0,2.75,2,Voxel-wise permutation,n
0.0,0.0,2.0,3.0,2,Voxel-wise permutation,n
0.0,0.0,2.25,0.0,2,Voxel-wise permutation,n
0.0,0.0,2.25,0.1,2,Voxel-wise permutation,n
0.0,0.0,2.25,0.25,2,Voxel-wise permutation,n
0.0,0.0,2.25,0.5,2,Voxel-wise permutation,n
0.0,0.0,2.25,0.75,2,Voxel-wise permutation,n
0.0,0.0,2.25,1.0,2,Voxel-wise permutation,n
0.0,0.0,2.25,1.25,2,Voxel-wise permutation,n
0.0,0.0,2.25,1.5,2,Voxel-wise permutation,n
0.0,0.0,2.25,1.75,2,Voxel-wise permutation,n
0.0,0.0,2.25,2.0,2,Voxel-wise permutation,n
0.0,0.0,2.25,2.25,2,Voxel-wise permutation,n
0.0,0.0,2.25,2.5,2,Voxel-wise permutation,n
0.0,0.0,2.25,2.75,2,Voxel-wise permutation,n
0.0,0.0,2.25,3.0,2,Voxel-wise permutation,n
0.0,0.0,2.5,0.0,2,Voxel-wise permutation,n
0.0,0.0,2.5,0.1,2,Voxel-wise permutation,n
0.0,0.0,2.5,0.25,2,Voxel-wise permutation,n
0.0,0.0,2.5,0.5,2,Voxel-wise permutation,n
0.0,0.0,2.5,0.75,2,Voxel-wise permutation,n
0.0,0.0,2.5,1.0,2,Voxel-wise permutation,n
0.0,0.0,2.5,1.25,2,Voxel-wise permutation,n
0.0,0.0,2.5,1.5,2,Voxel-wise permutation,n
0.0,0.0,2.5,1.75,2,Voxel-wise permutation,n
0.0,0.0,2.5,2.0,2,Voxel-wise permutation,n
0.0,0.0,2.5,2.25,2,Voxel-wise permutation,n
0.0,0.0,2.5,2.5,2,Voxel-wise permutation,n
0.0,0.0,2.5,2.75,2,Voxel-wise permutation,n
0.0,0.0,2.5,3.0,2,Voxel-wise permutation,n
0.0,0.0,2.75,0.0,2,Voxel-wise permutation,n
0.0,0.0,2.75,0.1,2,Voxel-wise permutation,n
0.0,0.0,2.75,0.25,2,Voxel-wise permutation,n
0.0,0.0,2.75,0.5,2,Voxel-wise permutation,n
0.0,0.0,2.75,0.75,2,Voxel-wise permutation,n
0.0,0.0,2.75,1.0,2,Voxel-wise permutation,n
0.0,0.0,2.75,1.25,2,Voxel-wise permutation,n
0.0,0.0,2.75,1.5,2,Voxel-wise permutation,n
0.0,0.0,2.75,1.75,2,Voxel-wise permutation,n
0.0,0.0,2.75,2.0,2,Voxel-wise permutation,n
0.0,0.0,2.75,2.25,2,Voxel-wise permutation,n
0.0,0.0,2.75,2.5,2,Voxel-wise permutation,n
0.0,0.0,2.75,2.75,2,Voxel-wise permutation,n
0.0,0.0,2.75,3.0,2,Voxel-wise permutation,n
0.0,0.0,3.0,0.0,2,Voxel-wise permutation,n
0.0,0.0,3.0,0.1,2,Voxel-wise permutation,n
0.0,0.0,3.0,0.25,2,Voxel-wise permutation,n
0.0,0.0,3.0,0.5,2,Voxel-wise permutation,n
0.0,0.0,3.0,0.75,2,Voxel-wise permutation,n
0.0,0.0,3.0,1.0,2,Voxel-wise permutation,n
0.0,0.0,3.0,1.25,2,Voxel-wise permutation,n
0.0,0.0,3.0,1.5,2,Voxel-wise permutation,n
0.0,0.0,3.0,1.75,2,Voxel-wise permutation,n
0.0,0.0,3.0,2.0,2,Voxel-wise permutation,n
0.0,0.0,3.0,2.25,2,Voxel-wise permutation,n
0.0,0.0,3.0,2.5,2,Voxel-wise permutation,n
0.0,0.0,3.0,2.75,2,Voxel-wise permutation,n
0.0,0.0,3.0,3.0,2,Voxel-wise permutation,n
0.0,0.0,0.0,0.0,5,Voxel-wise permutation,n
0.0,0.0004424778761061947,0.0,0.1,5,Voxel-wise permutation,n
0.0,0.0,0.0,0.25,5,Voxel-wise permutation,n
0.0,0.0,0.0,0.5,5,Voxel-wise permutation,n
0.05,0.0008849557522123894,0.0,0.75,5,Voxel-wise permutation,n
0.05,0.0,0.0,1.0,5,Voxel-wise permutation,n
0.05,0.0017699115044247787,0.0,1.25,5,Voxel-wise permutation,n
0.0,0.0004424778761061947,0.0,1.5,5,Voxel-wise permutation,n
0.05,0.001327433628318584,0.0,1.75,5,Voxel-wise permutation,n
0.0,0.0,0.0,2.0,5,Voxel-wise permutation,n
0.0,0.005752212389380531,0.0,2.25,5,Voxel-wise permutation,n
0.1,0.005309734513274336,0.0,2.5,5,Voxel-wise permutation,n
0.05,0.005309734513274336,0.0,2.75,5,Voxel-wise permutation,n
0.0,0.010619469026548672,0.0,3.0,5,Voxel-wise permutation,n
0.1,0.0,0.1,0.0,5,Voxel-wise permutation,n
0.05,0.0,0.1,0.1,5,Voxel-wise permutation,n
0.0,0.0,0.1,0.25,5,Voxel-wise permutation,n
0.05,0.0,0.1,0.5,5,Voxel-wise permutation,n
0.1,0.0004424778761061947,0.1,0.75,5,Voxel-wise permutation,n
0.05,0.0,0.1,1.0,5,Voxel-wise permutation,n
0.0,0.0008849557522123894,0.1,1.25,5,Voxel-wise permutation,n
0.05,0.001327433628318584,0.1,1.5,5,Voxel-wise permutation,n
0.0,0.001327433628318584,0.1,1.75,5,Voxel-wise permutation,n
0.0,0.001327433628318584,0.1,2.0,5,Voxel-wise permutation,n
0.05,0.0035398230088495575,0.1,2.25,5,Voxel-wise permutation,n
0.1,0.0022123893805309734,0.1,2.5,5,Voxel-wise permutation,n
0.0,0.0035398230088495575,0.1,2.75,5,Voxel-wise permutation,n
0.0,0.010176991150442478,0.1,3.0,5,Voxel-wise permutation,n
0.05,0.0,0.25,0.0,5,Voxel-wise permutation,n
0.15,0.0,0.25,0.1,5,Voxel-wise permutation,n
0.0,0.0,0.25,0.25,5,Voxel-wise permutation,n
0.15,0.0,0.25,0.5,5,Voxel-wise permutation,n
0.0,0.0,0.25,0.75,5,Voxel-wise permutation,n
0.05,0.0004424778761061947,0.25,1.0,5,Voxel-wise permutation,n
0.2,0.0004424778761061947,0.25,1.25,5,Voxel-wise permutation,n
0.0,0.0004424778761061947,0.25,1.5,5,Voxel-wise permutation,n
0.0,0.0004424778761061947,0.25,1.75,5,Voxel-wise permutation,n
0.0,0.001327433628318584,0.25,2.0,5,Voxel-wise permutation,n
0.05,0.0008849557522123894,0.25,2.25,5,Voxel-wise permutation,n
0.0,0.005309734513274336,0.25,2.5,5,Voxel-wise permutation,n
0.0,0.0035398230088495575,0.25,2.75,5,Voxel-wise permutation,n
0.05,0.005752212389380531,0.25,3.0,5,Voxel-wise permutation,n
0.05,0.0,0.5,0.0,5,Voxel-wise permutation,n
0.0,0.0,0.5,0.1,5,Voxel-wise permutation,n
0.0,0.0,0.5,0.25,5,Voxel-wise permutation,n
0.0,0.0,0.5,0.5,5,Voxel-wise permutation,n
0.05,0.0,0.5,0.75,5,Voxel-wise permutation,n
0.0,0.0002958579881656805,0.5,1.0,5,Voxel-wise permutation,n
0.0,0.0008875739644970415,0.5,1.25,5,Voxel-wise permutation,n
0.05,0.001183431952662722,0.5,1.5,5,Voxel-wise permutation,n
0.05,0.0038461538461538464,0.5,1.75,5,Voxel-wise permutation,n
0.05,0.006804733727810651,0.5,2.0,5,Voxel-wise permutation,n
0.1,0.008875739644970414,0.5,2.25,5,Voxel-wise permutation,n
0.05,0.008579881656804735,0.5,2.5,5,Voxel-wise permutation,n
0.05,0.007692307692307693,0.5,2.75,5,Voxel-wise permutation,n
0.05,0.015384615384615385,0.5,3.0,5,Voxel-wise permutation,n
0.0,0.0,0.75,0.0,5,Voxel-wise permutation,n
0.0,0.0,0.75,0.1,5,Voxel-wise permutation,n
0.1,0.0,0.75,0.25,5,Voxel-wise permutation,n
0.05,0.0,0.75,0.5,5,Voxel-wise permutation,n
0.05,0.0007042253521126761,0.75,0.75,5,Voxel-wise permutation,n
0.1,0.001643192488262911,0.75,1.0,5,Voxel-wise permutation,n
0.0,0.004694835680751174,0.75,1.25,5,Voxel-wise permutation,n
0.0,0.006807511737089202,0.75,1.5,5,Voxel-wise permutation,n
0.0,0.009154929577464789,0.75,1.75,5,Voxel-wise permutation,n
0.0,0.01666666666666667,0.75,2.0,5,Voxel-wise permutation,n
0.0,0.018779342723004695,0.75,2.25,5,Voxel-wise permutation,n
0.05,0.034976525821596244,0.75,2.5,5,Voxel-wise permutation,n
0.0,0.0176056338028169,0.75,2.75,5,Voxel-wise permutation,n
0.0,0.061502347417840386,0.75,3.0,5,Voxel-wise permutation,n
0.05,0.0,1.0,0.0,5,Voxel-wise permutation,n
0.05,0.0,1.0,0.1,5,Voxel-wise permutation,n
0.0,0.0,1.0,0.25,5,Voxel-wise permutation,n
0.05,0.0,1.0,0.5,5,Voxel-wise permutation,n
0.0,0.0013409961685823756,1.0,0.75,5,Voxel-wise permutation,n
0.0,0.0026819923371647503,1.0,1.0,5,Voxel-wise permutation,n
0.0,0.005555555555555555,1.0,1.25,5,Voxel-wise permutation,n
0.05,0.0078544061302682,1.0,1.5,5,Voxel-wise permutation,n
0.15,0.028160919540229885,1.0,1.75,5,Voxel-wise permutation,n
0.05,0.026628352490421458,1.0,2.0,5,Voxel-wise permutation,n
0.1,0.0496168582375479,1.0,2.25,5,Voxel-wise permutation,n
0.0,0.023371647509578545,1.0,2.5,5,Voxel-wise permutation,n
0.1,0.06340996168582376,1.0,2.75,5,Voxel-wise permutation,n
0.05,0.08946360153256705,1.0,3.0,5,Voxel-wise permutation,n
0.0,0.0,1.25,0.0,5,Voxel-wise permutation,n
0.05,0.0,1.25,0.1,5,Voxel-wise permutation,n
0.15,0.0,1.25,0.25,5,Voxel-wise permutation,n
0.0,0.00017064846416382253,1.25,0.5,5,Voxel-wise permutation,n
0.1,0.0017064846416382253,1.25,0.75,5,Voxel-wise permutation,n
0.0,0.00870307167235495,1.25,1.0,5,Voxel-wise permutation,n
0.05,0.023378839590443685,1.25,1.25,5,Voxel-wise permutation,n
0.1,0.0378839590443686,1.25,1.5,5,Voxel-wise permutation,n
0.05,0.03464163822525597,1.25,1.75,5,Voxel-wise permutation,n
0.05,0.029863481228668935,1.25,2.0,5,Voxel-wise permutation,n
0.0,0.050853242320819114,1.25,2.25,5,Voxel-wise permutation,n
0.0,0.04573378839590444,1.25,2.5,5,Voxel-wise permutation,n
0.0,0.06569965870307168,1.25,2.75,5,Voxel-wise permutation,n
0.0,0.05273037542662116,1.25,3.0,5,Voxel-wise permutation,n
0.05,0.0,1.5,0.0,5,Voxel-wise permutation,n
0.05,0.0,1.5,0.1,5,Voxel-wise permutation,n
0.1,0.0,1.5,0.25,5,Voxel-wise permutation,n
0.1,0.0005865102639296188,1.5,0.5,5,Voxel-wise permutation,n
0.0,0.0019061583577712608,1.5,0.75,5,Voxel-wise permutation,n
0.0,0.0030791788856304987,1.5,1.0,5,Voxel-wise permutation,n
0.1,0.022434017595307915,1.5,1.25,5,Voxel-wise permutation,n
0.05,0.015835777126099702,1.5,1.5,5,Voxel-wise permutation,n
0.0,0.024046920821114367,1.5,1.75,5,Voxel-wise permutation,n
0.05,0.04545454545454545,1.5,2.0,5,Voxel-wise permutation,n
0.05,0.049413489736070376,1.5,2.25,5,Voxel-wise permutation,n
0.0,0.05865102639296188,1.5,2.5,5,Voxel-wise permutation,n
0.15,0.08563049853372434,1.5,2.75,5,Voxel-wise permutation,n
0.05,0.12741935483870967,1.5,3.0,5,Voxel-wise permutation,n
0.0,0.0,1.75,0.0,5,Voxel-wise permutation,n
0.0,0.00012468827930174563,1.75,0.1,5,Voxel-wise permutation,n
0.05,0.0007481296758104739,1.75,0.25,5,Voxel-wise permutation,n
0.0,0.00012468827930174563,1.75,0.5,5,Voxel-wise permutation,n
0.0,0.003366583541147132,1.75,0.75,5,Voxel-wise permutation,n
0.05,0.005486284289276808,1.75,1.0,5,Voxel-wise permutation,n
0.05,0.02032418952618454,1.75,1.25,5,Voxel-wise permutation,n
0.0,0.03129675810473816,1.75,1.5,5,Voxel-wise permutation,n
0.0,0.05149625935162094,1.75,1.75,5,Voxel-wise permutation,n
0.0,0.021820448877805487,1.75,2.0,5,Voxel-wise permutation,n
0.05,0.06508728179551124,1.75,2.25,5,Voxel-wise permutation,n
0.0,0.031795511221945134,1.75,2.5,5,Voxel-wise permutation,n
0.05,0.07294264339152119,1.75,2.75,5,Voxel-wise permutation,n
0.1,0.08491271820448879,1.75,3.0,5,Voxel-wise permutation,n
0.05,0.0,2.0,0.0,5,Voxel-wise permutation,n
0.1,0.0,2.0,0.1,5,Voxel-wise permutation,n
0.05,0.00011441647597254005,2.0,0.25,5,Voxel-wise permutation,n
0.0,0.0004576659038901602,2.0,0.5,5,Voxel-wise permutation,n
0.05,0.002631578947368421,2.0,0.75,5,Voxel-wise permutation,n
0.1,0.025629290617848972,2.0,1.0,5,Voxel-wise permutation,n
0.0,0.018535469107551487,2.0,1.25,5,Voxel-wise permutation,n
0.0,0.03924485125858123,2.0,1.5,5,Voxel-wise permutation,n
0.0,0.05423340961098398,2.0,1.75,5,Voxel-wise permutation,n
0.0,0.04233409610983981,2.0,2.0,5,Voxel-wise permutation,n
0.05,0.06956521739130435,2.0,2.25,5,Voxel-wise permutation,n
0.1,0.09977116704805492,2.0,2.5,5,Voxel-wise permutation,n
0.0,0.0868421052631579,2.0,2.75,5,Voxel-wise permutation,n
0.0,0.06395881006864988,2.0,3.0,5,Voxel-wise permutation,n
0.0,0.0001006036217303823,2.25,0.0,5,Voxel-wise permutation,n
0.1,0.0001006036217303823,2.25,0.1,5,Voxel-wise permutation,n
0.0,0.00030181086519114693,2.25,0.25,5,Voxel-wise permutation,n
0.05,0.0002012072434607646,2.25,0.5,5,Voxel-wise permutation,n
0.05,0.0079476861167002,2.25,0.75,5,Voxel-wise permutation,n
0.05,0.010362173038229379,2.25,1.0,5,Voxel-wise permutation,n
0.05,0.015492957746478872,2.25,1.25,5,Voxel-wise permutation,n
0.0,0.031991951710261576,2.25,1.5,5,Voxel-wise permutation,n
0.0,0.04778672032193159,2.25,1.75,5,Voxel-wise permutation,n
0.1,0.07525150905432595,2.25,2.0,5,Voxel-wise permutation,n
0.05,0.0426559356136821,2.25,2.25,5,Voxel-wise permutation,n
0.0,0.08460764587525152,2.25,2.5,5,Voxel-wise permutation,n
0.0,0.10824949698189137,2.25,2.75,5,Voxel-wise permutation,n
0.1,0.12867203219315895,2.25,3.0,5,Voxel-wise permutation,n
0.0,0.0,2.5,0.0,5,Voxel-wise permutation,n
0.05,0.0,2.5,0.1,5,Voxel-wise permutation,n
0.0,0.0,2.5,0.25,5,Voxel-wise permutation,n
0.1,0.0008912655971479499,2.5,0.5,5,Voxel-wise permutation,n
0.05,0.010962566844919785,2.5,0.75,5,Voxel-wise permutation,n
0.0,0.019964349376114084,2.5,1.0,5,Voxel-wise permutation,n
0.0,0.005614973262032086,2.5,1.25,5,Voxel-wise permutation,n
0.05,0.020499108734402853,2.5,1.5,5,Voxel-wise permutation,n
0.0,0.029322638146167555,2.5,1.75,5,Voxel-wise permutation,n
0.0,0.052584670231729046,2.5,2.0,5,Voxel-wise permutation,n
0.0,0.0483065953654189,2.5,2.25,5,Voxel-wise permutation,n
0.05,0.08912655971479502,2.5,2.5,5,Voxel-wise permutation,n
0.0,0.058645276292335125,2.5,2.75,5,Voxel-wise permutation,n
0.0,0.09830659536541891,2.5,3.0,5,Voxel-wise permutation,n
0.0,0.0,2.75,0.0,5,Voxel-wise permutation,n
0.0,0.0,2.75,0.1,5,Voxel-wise permutation,n
0.05,0.00024154589371980676,2.75,0.25,5,Voxel-wise permutation,n
0.0,0.0037037037037037034,2.75,0.5,5,Voxel-wise permutation,n
0.05,0.006602254428341383,2.75,0.75,5,Voxel-wise permutation,n
0.05,0.011272141706924317,2.75,1.0,5,Voxel-wise permutation,n
0.05,0.02165861513687601,2.75,1.25,5,Voxel-wise permutation,n
0.0,0.04412238325281803,2.75,1.5,5,Voxel-wise permutation,n
0.05,0.05169082125603865,2.75,1.75,5,Voxel-wise permutation,n
0.1,0.05740740740740741,2.75,2.0,5,Voxel-wise permutation,n
0.05,0.05740740740740741,2.75,2.25,5,Voxel-wise permutation,n
0.0,0.09702093397745573,2.75,2.5,5,Voxel-wise permutation,n
0.05,0.10861513687600644,2.75,2.75,5,Voxel-wise permutation,n
0.05,0.1150563607085346,2.75,3.0,5,Voxel-wise permutation,n
0.0,0.0,3.0,0.0,5,Voxel-wise permutation,n
0.0,0.0,3.0,0.1,5,Voxel-wise permutation,n
0.0,0.00022026431718061672,3.0,0.25,5,Voxel-wise permutation,n
0.0,0.0005873715124816446,3.0,0.5,5,Voxel-wise permutation,n
0.1,0.007635829662261381,3.0,0.75,5,Voxel-wise permutation,n
0.15,0.013950073421439061,3.0,1.0,5,Voxel-wise permutation,n
0.1,0.023054331864904555,3.0,1.25,5,Voxel-wise permutation,n
0.0,0.027019089574155653,3.0,1.5,5,Voxel-wise permutation,n
0.0,0.04456681350954479,3.0,1.75,5,Voxel-wise permutation,n
0.05,0.0697503671071953,3.0,2.0,5,Voxel-wise permutation,n
0.0,0.0868575624082232,3.0,2.25,5,Voxel-wise permutation,n
0.0,0.07701908957415564,3.0,2.5,5,Voxel-wise permutation,n
0.1,0.05256975036710719,3.0,2.75,5,Voxel-wise permutation,n
0.05,0.0513950073421439,3.0,3.0,5,Voxel-wise permutation,n
0.05,0.0,0.0,0.0,7,Voxel-wise permutation,n
0.0,0.0,0.0,0.1,7,Voxel-wise permutation,n
0.0,0.0,0.0,0.25,7,Voxel-wise permutation,n
0.1,0.0,0.0,0.5,7,Voxel-wise permutation,n
0.1,0.0004424778761061947,0.0,0.75,7,Voxel-wise permutation,n
0.1,0.001327433628318584,0.0,1.0,7,Voxel-wise permutation,n
0.15,0.003982300884955752,0.0,1.25,7,Voxel-wise permutation,n
0.0,0.007964601769911504,0.0,1.5,7,Voxel-wise permutation,n
0.0,0.01415929203539823,0.0,1.75,7,Voxel-wise permutation,n
0.0,0.016371681415929207,0.0,2.0,7,Voxel-wise permutation,n
0.0,0.0411504424778761,0.0,2.25,7,Voxel-wise permutation,n
0.1,0.06150442477876107,0.0,2.5,7,Voxel-wise permutation,n
0.1,0.0911504424778761,0.0,2.75,7,Voxel-wise permutation,n
0.0,0.1314159292035398,0.0,3.0,7,Voxel-wise permutation,n
0.0,0.0,0.1,0.0,7,Voxel-wise permutation,n
0.1,0.0,0.1,0.1,7,Voxel-wise permutation,n
0.1,0.0,0.1,0.25,7,Voxel-wise permutation,n
0.0,0.0004424778761061947,0.1,0.5,7,Voxel-wise permutation,n
0.1,0.0,0.1,0.75,7,Voxel-wise permutation,n
0.0,0.0017699115044247787,0.1,1.0,7,Voxel-wise permutation,n
0.2,0.0048672566371681415,0.1,1.25,7,Voxel-wise permutation,n
0.05,0.009734513274336285,0.1,1.5,7,Voxel-wise permutation,n
0.2,0.015929203539823005,0.1,1.75,7,Voxel-wise permutation,n
0.0,0.030088495575221242,0.1,2.0,7,Voxel-wise permutation,n
0.05,0.03893805309734514,0.1,2.25,7,Voxel-wise permutation,n
0.05,0.051769911504424795,0.1,2.5,7,Voxel-wise permutation,n
0.05,0.055309734513274346,0.1,2.75,7,Voxel-wise permutation,n
0.05,0.12212389380530972,0.1,3.0,7,Voxel-wise permutation,n
0.1,0.0,0.25,0.0,7,Voxel-wise permutation,n
0.1,0.0,0.25,0.1,7,Voxel-wise permutation,n
0.1,0.0,0.25,0.25,7,Voxel-wise permutation,n
0.05,0.0,0.25,0.5,7,Voxel-wise permutation,n
0.05,0.001327433628318584,0.25,0.75,7,Voxel-wise permutation,n
0.05,0.0017699115044247787,0.25,1.0,7,Voxel-wise permutation,n
0.0,0.0035398230088495575,0.25,1.25,7,Voxel-wise permutation,n
0.1,0.007079646017699115,0.25,1.5,7,Voxel-wise permutation,n
0.05,0.007079646017699115,0.25,1.75,7,Voxel-wise permutation,n
0.05,0.02566371681415929,0.25,2.0,7,Voxel-wise permutation,n
0.05,0.045575221238938056,0.25,2.25,7,Voxel-wise permutation,n
0.05,0.05309734513274337,0.25,2.5,7,Voxel-wise permutation,n
0.0,0.08407079646017698,0.25,2.75,7,Voxel-wise permutation,n
0.0,0.09955752212389381,0.25,3.0,7,Voxel-wise permutation,n
0.1,0.0,0.5,0.0,7,Voxel-wise permutation,n
0.05,0.0,0.5,0.1,7,Voxel-wise permutation,n
0.0,0.0002958579881656805,0.5,0.25,7,Voxel-wise permutation,n
0.1,0.000591715976331361,0.5,0.5,7,Voxel-wise permutation,n
0.0,0.001183431952662722,0.5,0.75,7,Voxel-wise permutation,n
0.2,0.003550295857988166,0.5,1.0,7,Voxel-wise permutation,n
0.0,0.010059171597633138,0.5,1.25,7,Voxel-wise permutation,n
0.0,0.022781065088757397,0.5,1.5,7,Voxel-wise permutation,n
0.0,0.06035502958579882,0.5,1.75,7,Voxel-wise permutation,n
0.0,0.06301775147928994,0.5,2.0,7,Voxel-wise permutation,n
0.1,0.10857988165680472,0.5,2.25,7,Voxel-wise permutation,n
0.05,0.20295857988165683,0.5,2.5,7,Voxel-wise permutation,n
0.15,0.2115384615384616,0.5,2.75,7,Voxel-wise permutation,n
0.0,0.2349112426035503,0.5,3.0,7,Voxel-wise permutation,n
0.05,0.0,0.75,0.0,7,Voxel-wise permutation,n
0.05,0.0,0.75,0.1,7,Voxel-wise permutation,n
0.0,0.0,0.75,0.25,7,Voxel-wise permutation,n
0.05,0.002112676056338028,0.75,0.5,7,Voxel-wise permutation,n
0.05,0.013380281690140845,0.75,0.75,7,Voxel-wise permutation,n
0.0,0.025352112676056342,0.75,1.0,7,Voxel-wise permutation,n
0.05,0.0647887323943662,0.75,1.25,7,Voxel-wise permutation,n
0.0,0.11384976525821595,0.75,1.5,7,Voxel-wise permutation,n
0.1,0.19154929577464785,0.75,1.75,7,Voxel-wise permutation,n
0.0,0.2549295774647887,0.75,2.0,7,Voxel-wise permutation,n
0.1,0.2866197183098592,0.75,2.25,7,Voxel-wise permutation,n
0.05,0.35516431924882624,0.75,2.5,7,Voxel-wise permutation,n
0.05,0.4406103286384976,0.75,2.75,7,Voxel-wise permutation,n
0.0,0.4300469483568075,0.75,3.0,7,Voxel-wise permutation,n
0.0,0.0,1.0,0.0,7,Voxel-wise permutation,n
0.05,0.0,1.0,0.1,7,Voxel-wise permutation,n
0.15,0.00038314176245210724,1.0,0.25,7,Voxel-wise permutation,n
0.05,0.002490421455938697,1.0,0.5,7,Voxel-wise permutation,n
0.0,0.027011494252873563,1.0,0.75,7,Voxel-wise permutation,n
0.05,0.055747126436781605,1.0,1.0,7,Voxel-wise permutation,n
0.0,0.13831417624521072,1.0,1.25,7,Voxel-wise permutation,n
0.05,0.19348659003831414,1.0,1.5,7,Voxel-wise permutation,n
0.1,0.2804597701149426,1.0,1.75,7,Voxel-wise permutation,n
0.05,0.307471264367816,1.0,2.0,7,Voxel-wise permutation,n
0.05,0.3626436781609196,1.0,2.25,7,Voxel-wise permutation,n
0.0,0.39291187739463596,1.0,2.5,7,Voxel-wise permutation,n
0.05,0.4145593869731801,1.0,2.75,7,Voxel-wise permutation,n
0.1,0.43007662835249044,1.0,3.0,7,Voxel-wise permutation,n
0.05,0.0,1.25,0.0,7,Voxel-wise permutation,n
0.05,0.0,1.25,0.1,7,Voxel-wise permutation,n
0.15,0.00017064846416382253,1.25,0.25,7,Voxel-wise permutation,n
0.0,0.007337883959044368,1.25,0.5,7,Voxel-wise permutation,n
0.05,0.03890784982935153,1.25,0.75,7,Voxel-wise permutation,n
0.1,0.12901023890784982,1.25,1.0,7,Voxel-wise permutation,n
0.05,0.15426621160409557,1.25,1.25,7,Voxel-wise permutation,n
0.05,0.22559726962457338,1.25,1.5,7,Voxel-wise permutation,n
0.05,0.2619453924914676,1.25,1.75,7,Voxel-wise permutation,n
0.05,0.36535836177474396,1.25,2.0,7,Voxel-wise permutation,n
0.05,0.3757679180887372,1.25,2.25,7,Voxel-wise permutation,n
0.0,0.35767918088737194,1.25,2.5,7,Voxel-wise permutation,n
0.05,0.3919795221843003,1.25,2.75,7,Voxel-wise permutation,n
0.0,0.43276450511945386,1.25,3.0,7,Voxel-wise permutation,n
0.05,0.0,1.5,0.0,7,Voxel-wise permutation,n
0.15,0.0001466275659824047,1.5,0.1,7,Voxel-wise permutation,n
0.05,0.0001466275659824047,1.5,0.25,7,Voxel-wise permutation,n
0.0,0.014076246334310852,1.5,0.5,7,Voxel-wise permutation,n
0.0,0.0595307917888563,1.5,0.75,7,Voxel-wise permutation,n
0.15,0.12947214076246333,1.5,1.0,7,Voxel-wise permutation,n
0.0,0.17859237536656888,1.5,1.25,7,Voxel-wise permutation,n
0.1,0.24736070381231667,1.5,1.5,7,Voxel-wise permutation,n
0.05,0.3115835777126099,1.5,1.75,7,Voxel-wise permutation,n
0.0,0.3262463343108504,1.5,2.0,7,Voxel-wise permutation,n
0.05,0.32521994134897353,1.5,2.25,7,Voxel-wise permutation,n
0.05,0.36290322580645157,1.5,2.5,7,Voxel-wise permutation,n
0.05,0.37580645161290316,1.5,2.75,7,Voxel-wise permutation,n
0.05,0.40351906158357764,1.5,3.0,7,Voxel-wise permutation,n
0.05,0.0,1.75,0.0,7,Voxel-wise permutation,n
0.1,0.0,1.75,0.1,7,Voxel-wise permutation,n
0.05,0.002119700748129676,1.75,0.25,7,Voxel-wise permutation,n
0.0,0.01633416458852868,1.75,0.5,7,Voxel-wise permutation,n
0.15,0.06832917705735661,1.75,0.75,7,Voxel-wise permutation,n
0.0,0.12917705735660848,1.75,1.0,7,Voxel-wise permutation,n
0.1,0.2123441396508728,1.75,1.25,7,Voxel-wise permutation,n
0.05,0.25087281795511224,1.75,1.5,7,Voxel-wise permutation,n
0.15,0.26670822942643385,1.75,1.75,7,Voxel-wise permutation,n
0.15,0.3138403990024937,1.75,2.0,7,Voxel-wise permutation,n
0.05,0.29413965087281796,1.75,2.25,7,Voxel-wise permutation,n
0.0,0.31508728179551126,1.75,2.5,7,Voxel-wise permutation,n
0.05,0.3556109725685786,1.75,2.75,7,Voxel-wise permutation,n
0.05,0.34513715710723186,1.75,3.0,7,Voxel-wise permutation,n
0.0,0.0,2.0,0.0,7,Voxel-wise permutation,n
0.1,0.0,2.0,0.1,7,Voxel-wise permutation,n
0.1,0.0010297482837528604,2.0,0.25,7,Voxel-wise permutation,n
0.05,0.025057208237986274,2.0,0.5,7,Voxel-wise permutation,n
0.05,0.08924485125858124,2.0,0.75,7,Voxel-wise permutation,n
0.15,0.177116704805492,2.0,1.0,7,Voxel-wise permutation,n
0.0,0.22528604118993134,2.0,1.25,7,Voxel-wise permutation,n
0.05,0.26350114416475967,2.0,1.5,7,Voxel-wise permutation,n
0.05,0.2916475972540046,2.0,1.75,7,Voxel-wise permutation,n
0.1,0.30526315789473685,2.0,2.0,7,Voxel-wise permutation,n
0.05,0.3441647597254004,2.0,2.25,7,Voxel-wise permutation,n
0.0,0.3546910755148741,2.0,2.5,7,Voxel-wise permutation,n
0.05,0.34610983981693366,2.0,2.75,7,Voxel-wise permutation,n
0.0,0.3545766590389016,2.0,3.0,7,Voxel-wise permutation,n
0.15,0.0,2.25,0.0,7,Voxel-wise permutation,n
0.05,0.0001006036217303823,2.25,0.1,7,Voxel-wise permutation,n
0.15,0.0036217303822937627,2.25,0.25,7,Voxel-wise permutation,n
0.05,0.034004024144869215,2.25,0.5,7,Voxel-wise permutation,n
0.25,0.12354124748490944,2.25,0.75,7,Voxel-wise permutation,n
0.0,0.17615694164989942,2.25,1.0,7,Voxel-wise permutation,n
0.0,0.19426559356136822,2.25,1.25,7,Voxel-wise permutation,n
0.0,0.23128772635814884,2.25,1.5,7,Voxel-wise permutation,n
0.05,0.256841046277666,2.25,1.75,7,Voxel-wise permutation,n
0.05,0.29144869215291747,2.25,2.0,7,Voxel-wise permutation,n
0.0,0.33480885311871234,2.25,2.25,7,Voxel-wise permutation,n
0.05,0.33752515090543256,2.25,2.5,7,Voxel-wise permutation,n
0.0,0.3541247484909457,2.25,2.75,7,Voxel-wise permutation,n
0.0,0.3642857142857143,2.25,3.0,7,Voxel-wise permutation,n
0.1,0.0,2.5,0.0,7,Voxel-wise permutation,n
0.05,0.00017825311942959,2.5,0.1,7,Voxel-wise permutation,n
0.05,0.0037433155080213902,2.5,0.25,7,Voxel-wise permutation,n
0.0,0.023885918003565064,2.5,0.5,7,Voxel-wise permutation,n
0.0,0.1127450980392157,2.5,0.75,7,Voxel-wise permutation,n
0.05,0.13770053475935828,2.5,1.0,7,Voxel-wise permutation,n
0.1,0.20490196078431372,2.5,1.25,7,Voxel-wise permutation,n
0.0,0.24830659536541888,2.5,1.5,7,Voxel-wise permutation,n
0.15,0.27406417112299464,2.5,1.75,7,Voxel-wise permutation,n
0.05,0.29598930481283425,2.5,2.0,7,Voxel-wise permutation,n
0.1,0.31461675579322634,2.5,2.25,7,Voxel-wise permutation,n
0.05,0.31185383244206777,2.5,2.5,7,Voxel-wise permutation,n
0.0,0.32361853832442067,2.5,2.75,7,Voxel-wise permutation,n
0.05,0.33832442067736185,2.5,3.0,7,Voxel-wise permutation,n
0.05,0.0,2.75,0.0,7,Voxel-wise permutation,n
0.2,0.00024154589371980676,2.75,0.1,7,Voxel-wise permutation,n
0.05,0.0016103059581320449,2.75,0.25,7,Voxel-wise permutation,n
0.0,0.03510466988727859,2.75,0.5,7,Voxel-wise permutation,n
0.05,0.10829307568438003,2.75,0.75,7,Voxel-wise permutation,n
0.1,0.13542673107890496,2.75,1.0,7,Voxel-wise permutation,n
0.0,0.1856682769726248,2.75,1.25,7,Voxel-wise permutation,n
0.0,0.2268115942028986,2.75,1.5,7,Voxel-wise permutation,n
0.05,0.2680354267310789,2.75,1.75,7,Voxel-wise permutation,n
0.05,0.2838969404186795,2.75,2.0,7,Voxel-wise permutation,n
0.05,0.3199677938808373,2.75,2.25,7,Voxel-wise permutation,n
0.0,0.31521739130434795,2.75,2.5,7,Voxel-wise permutation,n
0.0,0.34380032206119154,2.75,2.75,7,Voxel-wise permutation,n
0.0,0.34275362318840574,2.75,3.0,7,Voxel-wise permutation,n
0.15,0.0,3.0,0.0,7,Voxel-wise permutation,n
0.15,0.0002936857562408223,3.0,0.1,7,Voxel-wise permutation,n
0.0,0.005726872246696035,3.0,0.25,7,Voxel-wise permutation,n
0.0,0.04016152716593245,3.0,0.5,7,Voxel-wise permutation,n
0.05,0.12232011747430252,3.0,0.75,7,Voxel-wise permutation,n
0.1,0.1554331864904552,3.0,1.0,7,Voxel-wise permutation,n
0.05,0.181424375917768,3.0,1.25,7,Voxel-wise permutation,n
0.05,0.23281938325991192,3.0,1.5,7,Voxel-wise permutation,n
0.0,0.2655653450807636,3.0,1.75,7,Voxel-wise permutation,n
0.1,0.2761380323054332,3.0,2.0,7,Voxel-wise permutation,n
0.05,0.2876651982378855,3.0,2.25,7,Voxel-wise permutation,n
0.0,0.31483113069016155,3.0,2.5,7,Voxel-wise permutation,n
0.1,0.3048458149779736,3.0,2.75,7,Voxel-wise permutation,n
0.05,0.34001468428781206,3.0,3.0,7,Voxel-wise permutation,n
0.0,0.0,0.0,0.0,10,Voxel-wise permutation,n
0.0,0.0,0.0,0.1,10,Voxel-wise permutation,n
0.1,0.0,0.0,0.25,10,Voxel-wise permutation,n
0.1,0.0,0.0,0.5,10,Voxel-wise permutation,n
0.05,0.003982300884955752,0.0,0.75,10,Voxel-wise permutation,n
0.0,0.005752212389380531,0.0,1.0,10,Voxel-wise permutation,n
0.0,0.024778761061946902,0.0,1.25,10,Voxel-wise permutation,n
0.15,0.055309734513274346,0.0,1.5,10,Voxel-wise permutation,n
0.0,0.1234513274336283,0.0,1.75,10,Voxel-wise permutation,n
0.0,0.1915929203539823,0.0,2.0,10,Voxel-wise permutation,n
0.1,0.29734513274336277,0.0,2.25,10,Voxel-wise permutation,n
0.1,0.4455752212389381,0.0,2.5,10,Voxel-wise permutation,n
0.05,0.6123893805309735,0.0,2.75,10,Voxel-wise permutation,n
0.15,0.6845132743362832,0.0,3.0,10,Voxel-wise permutation,n
0.05,0.0,0.1,0.0,10,Voxel-wise permutation,n
0.0,0.0,0.1,0.1,10,Voxel-wise permutation,n
0.0,0.0,0.1,0.25,10,Voxel-wise permutation,n
0.1,0.0,0.1,0.5,10,Voxel-wise permutation,n
0.0,0.001327433628318584,0.1,0.75,10,Voxel-wise permutation,n
0.05,0.003982300884955752,0.1,1.0,10,Voxel-wise permutation,n
0.0,0.024336283185840704,0.1,1.25,10,Voxel-wise permutation,n
0.05,0.06504424778761063,0.1,1.5,10,Voxel-wise permutation,n
0.15,0.11902654867256637,0.1,1.75,10,Voxel-wise permutation,n
0.05,0.20973451327433631,0.1,2.0,10,Voxel-wise permutation,n
0.1,0.3216814159292036,0.1,2.25,10,Voxel-wise permutation,n
0.0,0.40840707964601775,0.1,2.5,10,Voxel-wise permutation,n
0.0,0.595575221238938,0.1,2.75,10,Voxel-wise permutation,n
0.0,0.7013274336283186,0.1,3.0,10,Voxel-wise permutation,n
0.1,0.0,0.25,0.0,10,Voxel-wise permutation,n
0.05,0.0,0.25,0.1,10,Voxel-wise permutation,n
0.15,0.0,0.25,0.25,10,Voxel-wise permutation,n
0.0,0.0008849557522123894,0.25,0.5,10,Voxel-wise permutation,n
0.1,0.0004424778761061947,0.25,0.75,10,Voxel-wise permutation,n
0.05,0.007522123893805309,0.25,1.0,10,Voxel-wise permutation,n
0.2,0.022566371681415932,0.25,1.25,10,Voxel-wise permutation,n
0.05,0.04734513274336283,0.25,1.5,10,Voxel-wise permutation,n
0.1,0.10530973451327437,0.25,1.75,10,Voxel-wise permutation,n
0.15,0.21283185840707963,0.25,2.0,10,Voxel-wise permutation,n
0.0,0.29203539823008856,0.25,2.25,10,Voxel-wise permutation,n
0.1,0.4371681415929204,0.25,2.5,10,Voxel-wise permutation,n
0.05,0.6141592920353982,0.25,2.75,10,Voxel-wise permutation,n
0.05,0.7097345132743362,0.25,3.0,10,Voxel-wise permutation,n
0.05,0.0,0.5,0.0,10,Voxel-wise permutation,n
0.05,0.0,0.5,0.1,10,Voxel-wise permutation,n
0.0,0.0002958579881656805,0.5,0.25,10,Voxel-wise permutation,n
0.0,0.0002958579881656805,0.5,0.5,10,Voxel-wise permutation,n
0.1,0.010355029585798817,0.5,0.75,10,Voxel-wise permutation,n
0.15,0.04378698224852071,0.5,1.0,10,Voxel-wise permutation,n
0.05,0.11982248520710059,0.5,1.25,10,Voxel-wise permutation,n
0.15,0.2062130177514793,0.5,1.5,10,Voxel-wise permutation,n
0.0,0.3467455621301775,0.5,1.75,10,Voxel-wise permutation,n
0.05,0.478698224852071,0.5,2.0,10,Voxel-wise permutation,n
0.1,0.556508875739645,0.5,2.25,10,Voxel-wise permutation,n
0.05,0.6050295857988166,0.5,2.5,10,Voxel-wise permutation,n
0.05,0.6437869822485206,0.5,2.75,10,Voxel-wise permutation,n
0.15,0.6576923076923077,0.5,3.0,10,Voxel-wise permutation,n
0.1,0.00023474178403755868,0.75,0.0,10,Voxel-wise permutation,n
0.05,0.0,0.75,0.1,10,Voxel-wise permutation,n
0.05,0.00023474178403755868,0.75,0.25,10,Voxel-wise permutation,n
0.05,0.013380281690140846,0.75,0.5,10,Voxel-wise permutation,n
0.1,0.09647887323943662,0.75,0.75,10,Voxel-wise permutation,n
0.0,0.21267605633802816,0.75,1.0,10,Voxel-wise permutation,n
0.2,0.3652582159624413,0.75,1.25,10,Voxel-wise permutation,n
0.15,0.463849765258216,0.75,1.5,10,Voxel-wise permutation,n
0.05,0.4974178403755869,0.75,1.75,10,Voxel-wise permutation,n
0.05,0.5150234741784037,0.75,2.0,10,Voxel-wise permutation,n
0.05,0.535680751173709,0.75,2.25,10,Voxel-wise permutation,n
0.0,0.5438967136150235,0.75,2.5,10,Voxel-wise permutation,n
0.0,0.572769953051643,0.75,2.75,10,Voxel-wise permutation,n
0.1,0.5762910798122065,0.75,3.0,10,Voxel-wise permutation,n
0.0,0.0,1.0,0.0,10,Voxel-wise permutation,n
0.05,0.0,1.0,0.1,10,Voxel-wise permutation,n
0.1,0.0009578544061302681,1.0,0.25,10,Voxel-wise permutation,n
0.0,0.041379310344827586,1.0,0.5,10,Voxel-wise permutation,n
0.15,0.16111111111111112,1.0,0.75,10,Voxel-wise permutation,n
0.0,0.32605363984674335,1.0,1.0,10,Voxel-wise permutation,n
0.05,0.38984674329501917,1.0,1.25,10,Voxel-wise permutation,n
0.05,0.425287356321839,1.0,1.5,10,Voxel-wise permutation,n
0.0,0.45862068965517244,1.0,1.75,10,Voxel-wise permutation,n
0.05,0.4722222222222222,1.0,2.0,10,Voxel-wise permutation,n
0.1,0.4971264367816091,1.0,2.25,10,Voxel-wise permutation,n
0.0,0.5065134099616858,1.0,2.5,10,Voxel-wise permutation,n
0.15,0.5159003831417623,1.0,2.75,10,Voxel-wise permutation,n
0.05,0.5390804597701149,1.0,3.0,10,Voxel-wise permutation,n
0.0,0.0,1.25,0.0,10,Voxel-wise permutation,n
0.05,0.0,1.25,0.1,10,Voxel-wise permutation,n
0.0,0.004095563139931741,1.25,0.25,10,Voxel-wise permutation,n
0.0,0.0733788395904437,1.25,0.5,10,Voxel-wise permutation,n
0.1,0.2295221843003413,1.25,0.75,10,Voxel-wise permutation,n
0.15,0.3305460750853243,1.25,1.0,10,Voxel-wise permutation,n
0.1,0.3679180887372014,1.25,1.25,10,Voxel-wise permutation,n
0.05,0.4107508532423208,1.25,1.5,10,Voxel-wise permutation,n
0.1,0.44419795221843,1.25,1.75,10,Voxel-wise permutation,n
0.05,0.47423208191126276,1.25,2.0,10,Voxel-wise permutation,n
0.15,0.48310580204778153,1.25,2.25,10,Voxel-wise permutation,n
0.0,0.49965870307167226,1.25,2.5,10,Voxel-wise permutation,n
0.0,0.5044368600682595,1.25,2.75,10,Voxel-wise permutation,n
0.0,0.5233788395904437,1.25,3.0,10,Voxel-wise permutation,n
0.2,0.0,1.5,0.0,10,Voxel-wise permutation,n
0.0,0.0,1.5,0.1,10,Voxel-wise permutation,n
0.0,0.0063049853372434015,1.5,0.25,10,Voxel-wise permutation,n
0.0,0.10483870967741934,1.5,0.5,10,Voxel-wise permutation,n
0.0,0.25571847507331374,1.5,0.75,10,Voxel-wise permutation,n
0.1,0.32756598240469204,1.5,1.0,10,Voxel-wise permutation,n
0.15,0.36920821114369495,1.5,1.25,10,Voxel-wise permutation,n
0.0,0.3956011730205278,1.5,1.5,10,Voxel-wise permutation,n
0.1,0.42639296187683284,1.5,1.75,10,Voxel-wise permutation,n
0.05,0.439882697947214,1.5,2.0,10,Voxel-wise permutation,n
0.05,0.4558651026392962,1.5,2.25,10,Voxel-wise permutation,n
0.15,0.47947214076246336,1.5,2.5,10,Voxel-wise permutation,n
0.0,0.4859237536656892,1.5,2.75,10,Voxel-wise permutation,n
0.0,0.5004398826979471,1.5,3.0,10,Voxel-wise permutation,n
0.05,0.0,1.75,0.0,10,Voxel-wise permutation,n
0.0,0.0,1.75,0.1,10,Voxel-wise permutation,n
0.05,0.008728179551122196,1.75,0.25,10,Voxel-wise permutation,n
0.1,0.12668329177057358,1.75,0.5,10,Voxel-wise permutation,n
0.1,0.23927680798004988,1.75,0.75,10,Voxel-wise permutation,n
0.0,0.30261845386533665,1.75,1.0,10,Voxel-wise permutation,n
0.05,0.34488778054862845,1.75,1.25,10,Voxel-wise permutation,n
0.05,0.36508728179551125,1.75,1.5,10,Voxel-wise permutation,n
0.05,0.3950124688279302,1.75,1.75,10,Voxel-wise permutation,n
0.0,0.41346633416458856,1.75,2.0,10,Voxel-wise permutation,n
0.1,0.43516209476309226,1.75,2.25,10,Voxel-wise permutation,n
0.05,0.4452618453865337,1.75,2.5,10,Voxel-wise permutation,n
0.05,0.4607231920199501,1.75,2.75,10,Voxel-wise permutation,n
0.05,0.47094763092269326,1.75,3.0,10,Voxel-wise permutation,n
0.05,0.0,2.0,0.0,10,Voxel-wise permutation,n
0.0,0.002173913043478261,2.0,0.1,10,Voxel-wise permutation,n
0.0,0.014530892448512587,2.0,0.25,10,Voxel-wise permutation,n
0.05,0.14038901601830667,2.0,0.5,10,Voxel-wise permutation,n
0.1,0.248512585812357,2.0,0.75,10,Voxel-wise permutation,n
0.05,0.29851258581235696,2.0,1.0,10,Voxel-wise permutation,n
0.1,0.33512585812356976,2.0,1.25,10,Voxel-wise permutation,n
0.05,0.37105263157894736,2.0,1.5,10,Voxel-wise permutation,n
0.05,0.3916475972540045,2.0,1.75,10,Voxel-wise permutation,n
0.1,0.41601830663615563,2.0,2.0,10,Voxel-wise permutation,n
0.15,0.43684210526315786,2.0,2.25,10,Voxel-wise permutation,n
0.1,0.45148741418764293,2.0,2.5,10,Voxel-wise permutation,n
0.0,0.461670480549199,2.0,2.75,10,Voxel-wise permutation,n
0.05,0.4799771167048054,2.0,3.0,10,Voxel-wise permutation,n
0.05,0.0,2.25,0.0,10,Voxel-wise permutation,n
0.05,0.00030181086519114693,2.25,0.1,10,Voxel-wise permutation,n
0.05,0.019014084507042252,2.25,0.25,10,Voxel-wise permutation,n
0.15,0.16468812877263583,2.25,0.5,10,Voxel-wise permutation,n
0.05,0.24336016096579477,2.25,0.75,10,Voxel-wise permutation,n
0.1,0.2948692152917506,2.25,1.0,10,Voxel-wise permutation,n
0.05,0.33078470824949696,2.25,1.25,10,Voxel-wise permutation,n
0.0,0.36961770623742457,2.25,1.5,10,Voxel-wise permutation,n
0.1,0.3721327967806841,2.25,1.75,10,Voxel-wise permutation,n
0.05,0.4087525150905432,2.25,2.0,10,Voxel-wise permutation,n
0.1,0.42766599597585514,2.25,2.25,10,Voxel-wise permutation,n
0.05,0.4396378269617706,2.25,2.5,10,Voxel-wise permutation,n
0.1,0.4527162977867203,2.25,2.75,10,Voxel-wise permutation,n
0.0,0.4618712273641852,2.25,3.0,10,Voxel-wise permutation,n
0.05,8.9126559714795e-05,2.5,0.0,10,Voxel-wise permutation,n
0.0,0.00017825311942959,2.5,0.1,10,Voxel-wise permutation,n
0.0,0.022014260249554364,2.5,0.25,10,Voxel-wise permutation,n
0.15,0.15846702317290554,2.5,0.5,10,Voxel-wise permutation,n
0.0,0.2236185383244207,2.5,0.75,10,Voxel-wise permutation,n
0.25,0.28948306595365414,2.5,1.0,10,Voxel-wise permutation,n
0.05,0.3251336898395722,2.5,1.25,10,Voxel-wise permutation,n
0.0,0.34251336898395723,2.5,1.5,10,Voxel-wise permutation,n
0.0,0.3740641711229947,2.5,1.75,10,Voxel-wise permutation,n
0.0,0.38948306595365423,2.5,2.0,10,Voxel-wise permutation,n
0.05,0.40614973262032084,2.5,2.25,10,Voxel-wise permutation,n
0.1,0.42281639928698755,2.5,2.5,10,Voxel-wise permutation,n
0.0,0.4403743315508022,2.5,2.75,10,Voxel-wise permutation,n
0.0,0.4550802139037434,2.5,3.0,10,Voxel-wise permutation,n
0.0,0.0,2.75,0.0,10,Voxel-wise permutation,n
0.0,0.00032206119162640903,2.75,0.1,10,Voxel-wise permutation,n
0.05,0.03027375201288245,2.75,0.25,10,Voxel-wise permutation,n
0.05,0.1493558776167472,2.75,0.5,10,Voxel-wise permutation,n
0.1,0.22834138486312403,2.75,0.75,10,Voxel-wise permutation,n
0.0,0.2747181964573269,2.75,1.0,10,Voxel-wise permutation,n
0.15,0.3122383252818036,2.75,1.25,10,Voxel-wise permutation,n
0.05,0.3438808373590982,2.75,1.5,10,Voxel-wise permutation,n
0.05,0.37471819645732685,2.75,1.75,10,Voxel-wise permutation,n
0.05,0.3755233494363929,2.75,2.0,10,Voxel-wise permutation,n
0.1,0.4110305958132045,2.75,2.25,10,Voxel-wise permutation,n
0.05,0.42165861513687597,2.75,2.5,10,Voxel-wise permutation,n
0.05,0.4376006441223832,2.75,2.75,10,Voxel-wise permutation,n
0.05,0.44468599033816425,2.75,3.0,10,Voxel-wise permutation,n
0.05,0.0009544787077826725,3.0,0.0,10,Voxel-wise permutation,n
0.05,0.0013215859030837004,3.0,0.1,10,Voxel-wise permutation,n
0.05,0.045227606461086645,3.0,0.25,10,Voxel-wise permutation,n
0.05,0.14008810572687225,3.0,0.5,10,Voxel-wise permutation,n
0.0,0.23252569750367105,3.0,0.75,10,Voxel-wise permutation,n
0.05,0.2784875183553598,3.0,1.0,10,Voxel-wise permutation,n
0.1,0.32041116005873715,3.0,1.25,10,Voxel-wise permutation,n
0.0,0.3394273127753304,3.0,1.5,10,Voxel-wise permutation,n
0.0,0.35822320117474293,3.0,1.75,10,Voxel-wise permutation,n
0.05,0.39155653450807637,3.0,2.0,10,Voxel-wise permutation,n
0.15,0.40631424375917763,3.0,2.25,10,Voxel-wise permutation,n
0.05,0.42386196769456685,3.0,2.5,10,Voxel-wise permutation,n
0.0,0.43362701908957424,3.0,2.75,10,Voxel-wise permutation,n
0.05,0.4515418502202643,3.0,3.0,10,Voxel-wise permutation,n
0.1,0.0,0.0,0.0,15,Voxel-wise permutation,n
0.1,0.0,0.0,0.1,15,Voxel-wise permutation,n
0.0,0.0,0.0,0.25,15,Voxel-wise permutation,n
0.05,0.0017699115044247787,0.0,0.5,15,Voxel-wise permutation,n
0.1,0.015044247787610618,0.0,0.75,15,Voxel-wise permutation,n
0.05,0.05575221238938054,0.0,1.0,15,Voxel-wise permutation,n
0.05,0.16592920353982302,0.0,1.25,15,Voxel-wise permutation,n
0.05,0.3884955752212389,0.0,1.5,15,Voxel-wise permutation,n
0.05,0.606637168141593,0.0,1.75,15,Voxel-wise permutation,n
0.05,0.786725663716814,0.0,2.0,15,Voxel-wise permutation,n
0.05,0.9163716814159292,0.0,2.25,15,Voxel-wise permutation,n
0.0,0.9800884955752215,0.0,2.5,15,Voxel-wise permutation,n
0.05,0.9942477876106196,0.0,2.75,15,Voxel-wise permutation,n
0.05,0.9986725663716814,0.0,3.0,15,Voxel-wise permutation,n
0.15,0.0,0.1,0.0,15,Voxel-wise permutation,n
0.0,0.0,0.1,0.1,15,Voxel-wise permutation,n
0.0,0.0,0.1,0.25,15,Voxel-wise permutation,n
0.15,0.002654867256637168,0.1,0.5,15,Voxel-wise permutation,n
0.0,0.012389380530973451,0.1,0.75,15,Voxel-wise permutation,n
0.05,0.0672566371681416,0.1,1.0,15,Voxel-wise permutation,n
0.05,0.17212389380530974,0.1,1.25,15,Voxel-wise permutation,n
0.0,0.354424778761062,0.1,1.5,15,Voxel-wise permutation,n
0.1,0.6367256637168142,0.1,1.75,15,Voxel-wise permutation,n
0.25,0.7942477876106195,0.1,2.0,15,Voxel-wise permutation,n
0.1,0.9331858407079647,0.1,2.25,15,Voxel-wise permutation,n
0.0,0.9761061946902654,0.1,2.5,15,Voxel-wise permutation,n
0.05,0.9955752212389382,0.1,2.75,15,Voxel-wise permutation,n
0.0,0.9973451327433629,0.1,3.0,15,Voxel-wise permutation,n
0.0,0.0,0.25,0.0,15,Voxel-wise permutation,n
0.05,0.0,0.25,0.1,15,Voxel-wise permutation,n
0.05,0.0004424778761061947,0.25,0.25,15,Voxel-wise permutation,n
0.0,0.001327433628318584,0.25,0.5,15,Voxel-wise permutation,n
0.0,0.009734513274336285,0.25,0.75,15,Voxel-wise permutation,n
0.05,0.048672566371681415,0.25,1.0,15,Voxel-wise permutation,n
0.05,0.1588495575221239,0.25,1.25,15,Voxel-wise permutation,n
0.05,0.3584070796460177,0.25,1.5,15,Voxel-wise permutation,n
0.05,0.645132743362832,0.25,1.75,15,Voxel-wise permutation,n
0.05,0.8212389380530973,0.25,2.0,15,Voxel-wise permutation,n
0.05,0.9225663716814159,0.25,2.25,15,Voxel-wise permutation,n
0.0,0.9792035398230091,0.25,2.5,15,Voxel-wise permutation,n
0.1,0.9964601769911505,0.25,2.75,15,Voxel-wise permutation,n
0.05,0.9991150442477876,0.25,3.0,15,Voxel-wise permutation,n
0.1,0.0,0.5,0.0,15,Voxel-wise permutation,n
0.0,0.0,0.5,0.1,15,Voxel-wise permutation,n
0.05,0.0008875739644970415,0.5,0.25,15,Voxel-wise permutation,n
0.05,0.007988165680473374,0.5,0.5,15,Voxel-wise permutation,n
0.0,0.07041420118343195,0.5,0.75,15,Voxel-wise permutation,n
0.0,0.23757396449704138,0.5,1.0,15,Voxel-wise permutation,n
0.0,0.45798816568047335,0.5,1.25,15,Voxel-wise permutation,n
0.05,0.6180473372781066,0.5,1.5,15,Voxel-wise permutation,n
0.05,0.6556213017751479,0.5,1.75,15,Voxel-wise permutation,n
0.0,0.6644970414201183,0.5,2.0,15,Voxel-wise permutation,n
0.0,0.6701183431952662,0.5,2.25,15,Voxel-wise permutation,n
0.05,0.6692307692307692,0.5,2.5,15,Voxel-wise permutation,n
0.15,0.6695266272189349,0.5,2.75,15,Voxel-wise permutation,n
0.1,0.671301775147929,0.5,3.0,15,Voxel-wise permutation,n
0.0,0.0,0.75,0.0,15,Voxel-wise permutation,n
0.1,0.0,0.75,0.1,15,Voxel-wise permutation,n
0.1,0.001643192488262911,0.75,0.25,15,Voxel-wise permutation,n
0.05,0.07018779342723006,0.75,0.5,15,Voxel-wise permutation,n
0.0,0.3485915492957746,0.75,0.75,15,Voxel-wise permutation,n
0.1,0.4746478873239436,0.75,1.0,15,Voxel-wise permutation,n
0.0,0.5225352112676055,0.75,1.25,15,Voxel-wise permutation,n
0.0,0.546244131455399,0.75,1.5,15,Voxel-wise permutation,n
0.05,0.5666666666666667,0.75,1.75,15,Voxel-wise permutation,n
0.05,0.588262910798122,0.75,2.0,15,Voxel-wise permutation,n
0.05,0.6007042253521127,0.75,2.25,15,Voxel-wise permutation,n
0.0,0.6147887323943662,0.75,2.5,15,Voxel-wise permutation,n
0.05,0.6314553990610328,0.75,2.75,15,Voxel-wise permutation,n
0.0,0.6460093896713615,0.75,3.0,15,Voxel-wise permutation,n
0.1,0.0,1.0,0.0,15,Voxel-wise permutation,n
0.1,0.00019157088122605362,1.0,0.1,15,Voxel-wise permutation,n
0.05,0.005555555555555556,1.0,0.25,15,Voxel-wise permutation,n
0.15,0.20517241379310347,1.0,0.5,15,Voxel-wise permutation,n
0.1,0.37337164750957863,1.0,0.75,15,Voxel-wise permutation,n
0.05,0.435632183908046,1.0,1.0,15,Voxel-wise permutation,n
0.05,0.47030651340996166,1.0,1.25,15,Voxel-wise permutation,n
0.0,0.5072796934865901,1.0,1.5,15,Voxel-wise permutation,n
0.0,0.5218390804597701,1.0,1.75,15,Voxel-wise permutation,n
0.0,0.539655172413793,1.0,2.0,15,Voxel-wise permutation,n
0.0,0.5553639846743295,1.0,2.25,15,Voxel-wise permutation,n
0.15,0.5624521072796935,1.0,2.5,15,Voxel-wise permutation,n
0.1,0.5674329501915709,1.0,2.75,15,Voxel-wise permutation,n
0.0,0.5798850574712644,1.0,3.0,15,Voxel-wise permutation,n
0.1,0.0,1.25,0.0,15,Voxel-wise permutation,n
0.05,0.00017064846416382253,1.25,0.1,15,Voxel-wise permutation,n
0.0,0.031911262798634814,1.25,0.25,15,Voxel-wise permutation,n
0.05,0.27013651877133105,1.25,0.5,15,Voxel-wise permutation,n
0.0,0.37081911262798634,1.25,0.75,15,Voxel-wise permutation,n
0.0,0.4341296928327645,1.25,1.0,15,Voxel-wise permutation,n
0.05,0.4670648464163823,1.25,1.25,15,Voxel-wise permutation,n
0.05,0.4878839590443686,1.25,1.5,15,Voxel-wise permutation,n
0.05,0.5042662116040955,1.25,1.75,15,Voxel-wise permutation,n
0.0,0.5267918088737202,1.25,2.0,15,Voxel-wise permutation,n
0.0,0.5448805460750853,1.25,2.25,15,Voxel-wise permutation,n
0.1,0.5588737201365188,1.25,2.5,15,Voxel-wise permutation,n
0.0,0.5771331058020477,1.25,2.75,15,Voxel-wise permutation,n
0.05,0.5861774744027304,1.25,3.0,15,Voxel-wise permutation,n
0.05,0.0,1.5,0.0,15,Voxel-wise permutation,n
0.1,0.0019061583577712608,1.5,0.1,15,Voxel-wise permutation,n
0.05,0.055278592375366566,1.5,0.25,15,Voxel-wise permutation,n
0.05,0.2717008797653958,1.5,0.5,15,Voxel-wise permutation,n
0.1,0.3516129032258064,1.5,0.75,15,Voxel-wise permutation,n
0.0,0.41085043988269787,1.5,1.0,15,Voxel-wise permutation,n
0.1,0.4381231671554252,1.5,1.25,15,Voxel-wise permutation,n
0.05,0.4640762463343108,1.5,1.5,15,Voxel-wise permutation,n
0.15,0.4929618768328446,1.5,1.75,15,Voxel-wise permutation,n
0.15,0.5109970674486803,1.5,2.0,15,Voxel-wise permutation,n
0.0,0.5274193548387097,1.5,2.25,15,Voxel-wise permutation,n
0.05,0.5340175953079178,1.5,2.5,15,Voxel-wise permutation,n
0.0,0.5451612903225806,1.5,2.75,15,Voxel-wise permutation,n
0.0,0.5573313782991203,1.5,3.0,15,Voxel-wise permutation,n
0.1,0.0,1.75,0.0,15,Voxel-wise permutation,n
0.2,0.0003740648379052369,1.75,0.1,15,Voxel-wise permutation,n
0.05,0.05847880299251871,1.75,0.25,15,Voxel-wise permutation,n
0.05,0.26471321695760597,1.75,0.5,15,Voxel-wise permutation,n
0.1,0.3384039900249377,1.75,0.75,15,Voxel-wise permutation,n
0.1,0.37481296758104743,1.75,1.0,15,Voxel-wise permutation,n
0.0,0.4127182044887781,1.75,1.25,15,Voxel-wise permutation,n
0.15,0.44002493765586037,1.75,1.5,15,Voxel-wise permutation,n
0.1,0.4572319201995012,1.75,1.75,15,Voxel-wise permutation,n
0.05,0.47730673316708233,1.75,2.0,15,Voxel-wise permutation,n
0.05,0.4933915211970075,1.75,2.25,15,Voxel-wise permutation,n
0.1,0.5022443890274314,1.75,2.5,15,Voxel-wise permutation,n
0.0,0.5168329177057356,1.75,2.75,15,Voxel-wise permutation,n
0.1,0.5330423940149625,1.75,3.0,15,Voxel-wise permutation,n
0.15,0.0,2.0,0.0,15,Voxel-wise permutation,n
0.05,0.0017162471395881008,2.0,0.1,15,Voxel-wise permutation,n
0.15,0.08409610983981693,2.0,0.25,15,Voxel-wise permutation,n
0.15,0.2548054919908467,2.0,0.5,15,Voxel-wise permutation,n
0.15,0.34267734553775747,2.0,0.75,15,Voxel-wise permutation,n
0.05,0.3892448512585812,2.0,1.0,15,Voxel-wise permutation,n
0.15,0.4219679633867276,2.0,1.25,15,Voxel-wise permutation,n
0.15,0.44233409610983976,2.0,1.5,15,Voxel-wise permutation,n
0.1,0.4717391304347826,2.0,1.75,15,Voxel-wise permutation,n
0.05,0.49324942791762016,2.0,2.0,15,Voxel-wise permutation,n
0.05,0.49919908466819213,2.0,2.25,15,Voxel-wise permutation,n
0.05,0.5165903890160182,2.0,2.5,15,Voxel-wise permutation,n
0.2,0.5346681922196795,2.0,2.75,15,Voxel-wise permutation,n
0.15,0.5445080091533181,2.0,3.0,15,Voxel-wise permutation,n
0.05,0.0,2.25,0.0,15,Voxel-wise permutation,n
0.0,0.0015090543259557343,2.25,0.1,15,Voxel-wise permutation,n
0.25,0.0777665995975855,2.25,0.25,15,Voxel-wise permutation,n
0.1,0.25291750503018107,2.25,0.5,15,Voxel-wise permutation,n
0.05,0.3268611670020121,2.25,0.75,15,Voxel-wise permutation,n
0.0,0.3765593561368209,2.25,1.0,15,Voxel-wise permutation,n
0.05,0.40432595573440644,2.25,1.25,15,Voxel-wise permutation,n
0.0,0.43138832997987925,2.25,1.5,15,Voxel-wise permutation,n
0.05,0.45633802816901403,2.25,1.75,15,Voxel-wise permutation,n
0.1,0.47303822937625756,2.25,2.0,15,Voxel-wise permutation,n
0.0,0.48712273641851106,2.25,2.25,15,Voxel-wise permutation,n
0.05,0.49969818913480885,2.25,2.5,15,Voxel-wise permutation,n
0.05,0.5098591549295775,2.25,2.75,15,Voxel-wise permutation,n
0.0,0.5256539235412475,2.25,3.0,15,Voxel-wise permutation,n
0.05,0.0010695187165775401,2.5,0.0,15,Voxel-wise permutation,n
0.15,0.005258467023172906,2.5,0.1,15,Voxel-wise permutation,n
0.1,0.10953654188948306,2.5,0.25,15,Voxel-wise permutation,n
0.05,0.24714795008912657,2.5,0.5,15,Voxel-wise permutation,n
0.0,0.31737967914438503,2.5,0.75,15,Voxel-wise permutation,n
0.0,0.3601604278074867,2.5,1.0,15,Voxel-wise permutation,n
0.05,0.392602495543672,2.5,1.25,15,Voxel-wise permutation,n
0.05,0.4229055258467024,2.5,1.5,15,Voxel-wise permutation,n
0.0,0.43520499108734406,2.5,1.75,15,Voxel-wise permutation,n
0.1,0.45739750445632793,2.5,2.0,15,Voxel-wise permutation,n
0.05,0.47718360071301247,2.5,2.25,15,Voxel-wise permutation,n
0.05,0.48877005347593583,2.5,2.5,15,Voxel-wise permutation,n
0.05,0.5067736185383244,2.5,2.75,15,Voxel-wise permutation,n
0.1,0.5224598930481283,2.5,3.0,15,Voxel-wise permutation,n
0.05,0.0,2.75,0.0,15,Voxel-wise permutation,n
0.0,0.002254428341384863,2.75,0.1,15,Voxel-wise permutation,n
0.1,0.10112721417069244,2.75,0.25,15,Voxel-wise permutation,n
0.1,0.24331723027375202,2.75,0.5,15,Voxel-wise permutation,n
0.1,0.3052334943639291,2.75,0.75,15,Voxel-wise permutation,n
0.2,0.3551529790660225,2.75,1.0,15,Voxel-wise permutation,n
0.0,0.3875201288244766,2.75,1.25,15,Voxel-wise permutation,n
0.05,0.40974235104669887,2.75,1.5,15,Voxel-wise permutation,n
0.15,0.444524959742351,2.75,1.75,15,Voxel-wise permutation,n
0.05,0.4556360708534622,2.75,2.0,15,Voxel-wise permutation,n
0.05,0.46578099838969395,2.75,2.25,15,Voxel-wise permutation,n
0.0,0.48599033816425125,2.75,2.5,15,Voxel-wise permutation,n
0.05,0.5013687600644123,2.75,2.75,15,Voxel-wise permutation,n
0.1,0.5168276972624799,2.75,3.0,15,Voxel-wise permutation,n
0.05,0.0,3.0,0.0,15,Voxel-wise permutation,n
0.15,0.00998531571218796,3.0,0.1,15,Voxel-wise permutation,n
0.05,0.12422907488986785,3.0,0.25,15,Voxel-wise permutation,n
0.05,0.24052863436123348,3.0,0.5,15,Voxel-wise permutation,n
0.1,0.3016152716593245,3.0,0.75,15,Voxel-wise permutation,n
0.1,0.35814977973568285,3.0,1.0,15,Voxel-wise permutation,n
0.0,0.3890602055800294,3.0,1.25,15,Voxel-wise permutation,n
0.0,0.4154185022026432,3.0,1.5,15,Voxel-wise permutation,n
0.2,0.43538913362701914,3.0,1.75,15,Voxel-wise permutation,n
0.05,0.46005873715124823,3.0,2.0,15,Voxel-wise permutation,n
0.15,0.4756975036710719,3.0,2.25,15,Voxel-wise permutation,n
0.05,0.49361233480176203,3.0,2.5,15,Voxel-wise permutation,n
0.05,0.5014684287812041,3.0,2.75,15,Voxel-wise permutation,n
0.05,0.5120411160058737,3.0,3.0,15,Voxel-wise permutation,n
0.0,0.0,0.0,0.0,20,Voxel-wise permutation,n
0.0,0.0,0.0,0.1,20,Voxel-wise permutation,n
0.15,0.0004424778761061947,0.0,0.25,20,Voxel-wise permutation,n
0.0,0.003982300884955752,0.0,0.5,20,Voxel-wise permutation,n
0.05,0.03982300884955752,0.0,0.75,20,Voxel-wise permutation,n
0.1,0.20221238938053093,0.0,1.0,20,Voxel-wise permutation,n
0.05,0.4858407079646018,0.0,1.25,20,Voxel-wise permutation,n
0.0,0.7592920353982301,0.0,1.5,20,Voxel-wise permutation,n
0.1,0.9415929203539823,0.0,1.75,20,Voxel-wise permutation,n
0.15,0.9946902654867257,0.0,2.0,20,Voxel-wise permutation,n
0.0,0.9995575221238937,0.0,2.25,20,Voxel-wise permutation,n
0.0,1.0,0.0,2.5,20,Voxel-wise permutation,n
0.05,1.0,0.0,2.75,20,Voxel-wise permutation,n
0.1,1.0,0.0,3.0,20,Voxel-wise permutation,n
0.05,0.0,0.1,0.0,20,Voxel-wise permutation,n
0.1,0.0,0.1,0.1,20,Voxel-wise permutation,n
0.05,0.0,0.1,0.25,20,Voxel-wise permutation,n
0.05,0.005309734513274336,0.1,0.5,20,Voxel-wise permutation,n
0.0,0.0420353982300885,0.1,0.75,20,Voxel-wise permutation,n
0.0,0.19469026548672566,0.1,1.0,20,Voxel-wise permutation,n
0.0,0.5119469026548673,0.1,1.25,20,Voxel-wise permutation,n
0.0,0.7561946902654867,0.1,1.5,20,Voxel-wise permutation,n
0.1,0.9446902654867255,0.1,1.75,20,Voxel-wise permutation,n
0.05,0.9867256637168141,0.1,2.0,20,Voxel-wise permutation,n
0.05,0.9991150442477876,0.1,2.25,20,Voxel-wise permutation,n
0.05,0.9995575221238937,0.1,2.5,20,Voxel-wise permutation,n
0.15,1.0,0.1,2.75,20,Voxel-wise permutation,n
0.0,1.0,0.1,3.0,20,Voxel-wise permutation,n
0.05,0.0,0.25,0.0,20,Voxel-wise permutation,n
0.0,0.0,0.25,0.1,20,Voxel-wise permutation,n
0.05,0.0,0.25,0.25,20,Voxel-wise permutation,n
0.05,0.0048672566371681415,0.25,0.5,20,Voxel-wise permutation,n
0.2,0.04292035398230089,0.25,0.75,20,Voxel-wise permutation,n
0.05,0.1845132743362832,0.25,1.0,20,Voxel-wise permutation,n
0.05,0.4999999999999999,0.25,1.25,20,Voxel-wise permutation,n
0.0,0.788495575221239,0.25,1.5,20,Voxel-wise permutation,n
0.0,0.9234513274336285,0.25,1.75,20,Voxel-wise permutation,n
0.05,0.9911504424778764,0.25,2.0,20,Voxel-wise permutation,n
0.0,0.9995575221238939,0.25,2.25,20,Voxel-wise permutation,n
0.05,1.0,0.25,2.5,20,Voxel-wise permutation,n
0.05,1.0,0.25,2.75,20,Voxel-wise permutation,n
0.25,1.0,0.25,3.0,20,Voxel-wise permutation,n
0.0,0.0,0.5,0.0,20,Voxel-wise permutation,n
0.05,0.0,0.5,0.1,20,Voxel-wise permutation,n
0.0,0.0,0.5,0.25,20,Voxel-wise permutation,n
0.0,0.030473372781065083,0.5,0.5,20,Voxel-wise permutation,n
0.2,0.20118343195266272,0.5,0.75,20,Voxel-wise permutation,n
0.15,0.5091715976331361,0.5,1.0,20,Voxel-wise permutation,n
0.05,0.6319526627218934,0.5,1.25,20,Voxel-wise permutation,n
0.05,0.664792899408284,0.5,1.5,20,Voxel-wise permutation,n
0.2,0.6692307692307692,0.5,1.75,20,Voxel-wise permutation,n
0.1,0.6692307692307692,0.5,2.0,20,Voxel-wise permutation,n
0.0,0.671301775147929,0.5,2.25,20,Voxel-wise permutation,n
0.0,0.671301775147929,0.5,2.5,20,Voxel-wise permutation,n
0.0,0.6742603550295859,0.5,2.75,20,Voxel-wise permutation,n
0.1,0.6772189349112427,0.5,3.0,20,Voxel-wise permutation,n
0.05,0.0,0.75,0.0,20,Voxel-wise permutation,n
0.0,0.00046948356807511736,0.75,0.1,20,Voxel-wise permutation,n
0.0,0.008685446009389673,0.75,0.25,20,Voxel-wise permutation,n
0.05,0.2326291079812207,0.75,0.5,20,Voxel-wise permutation,n
0.1,0.4647887323943663,0.75,0.75,20,Voxel-wise permutation,n
0.1,0.5265258215962441,0.75,1.0,20,Voxel-wise permutation,n
0.05,0.55,0.75,1.25,20,Voxel-wise permutation,n
0.1,0.580281690140845,0.75,1.5,20,Voxel-wise permutation,n
0.0,0.6053990610328638,0.75,1.75,20,Voxel-wise permutation,n
0.1,0.6251173708920187,0.75,2.0,20,Voxel-wise permutation,n
0.0,0.6410798122065728,0.75,2.25,20,Voxel-wise permutation,n
0.1,0.6537558685446009,0.75,2.5,20,Voxel-wise permutation,n
0.05,0.6645539906103285,0.75,2.75,20,Voxel-wise permutation,n
0.1,0.6713615023474179,0.75,3.0,20,Voxel-wise permutation,n
0.05,0.0,1.0,0.0,20,Voxel-wise permutation,n
0.1,0.00038314176245210724,1.0,0.1,20,Voxel-wise permutation,n
0.1,0.032183908045977025,1.0,0.25,20,Voxel-wise permutation,n
0.1,0.3417624521072797,1.0,0.5,20,Voxel-wise permutation,n
0.0,0.4262452107279694,1.0,0.75,20,Voxel-wise permutation,n
0.1,0.47816091954022993,1.0,1.0,20,Voxel-wise permutation,n
0.15,0.5090038314176245,1.0,1.25,20,Voxel-wise permutation,n
0.1,0.5369731800766283,1.0,1.5,20,Voxel-wise permutation,n
0.1,0.5521072796934865,1.0,1.75,20,Voxel-wise permutation,n
0.0,0.563984674329502,1.0,2.0,20,Voxel-wise permutation,n
0.05,0.5777777777777778,1.0,2.25,20,Voxel-wise permutation,n
0.0,0.5888888888888888,1.0,2.5,20,Voxel-wise permutation,n
0.0,0.5982758620689654,1.0,2.75,20,Voxel-wise permutation,n
0.15,0.6053639846743295,1.0,3.0,20,Voxel-wise permutation,n
0.0,0.00017064846416382253,1.25,0.0,20,Voxel-wise permutation,n
0.05,0.00017064846416382253,1.25,0.1,20,Voxel-wise permutation,n
0.0,0.08566552901023891,1.25,0.25,20,Voxel-wise permutation,n
0.05,0.3419795221843002,1.25,0.5,20,Voxel-wise permutation,n
0.0,0.4194539249146757,1.25,0.75,20,Voxel-wise permutation,n
0.05,0.4687713310580205,1.25,1.0,20,Voxel-wise permutation,n
0.0,0.503754266211604,1.25,1.25,20,Voxel-wise permutation,n
0.2,0.5177474402730375,1.25,1.5,20,Voxel-wise permutation,n
0.1,0.5453924914675767,1.25,1.75,20,Voxel-wise permutation,n
0.05,0.5696245733788394,1.25,2.0,20,Voxel-wise permutation,n
0.05,0.5837883959044368,1.25,2.25,20,Voxel-wise permutation,n
0.15,0.5977815699658703,1.25,2.5,20,Voxel-wise permutation,n
0.1,0.6046075085324232,1.25,2.75,20,Voxel-wise permutation,n
0.0,0.6100682593856654,1.25,3.0,20,Voxel-wise permutation,n
0.1,0.0,1.5,0.0,20,Voxel-wise permutation,n
0.0,0.0032258064516129032,1.5,0.1,20,Voxel-wise permutation,n
0.05,0.11656891495601171,1.5,0.25,20,Voxel-wise permutation,n
0.15,0.3287390029325513,1.5,0.5,20,Voxel-wise permutation,n
0.05,0.397507331378299,1.5,0.75,20,Voxel-wise permutation,n
0.05,0.44853372434017597,1.5,1.0,20,Voxel-wise permutation,n
0.0,0.469941348973607,1.5,1.25,20,Voxel-wise permutation,n
0.0,0.5051319648093842,1.5,1.5,20,Voxel-wise permutation,n
0.0,0.5234604105571846,1.5,1.75,20,Voxel-wise permutation,n
0.05,0.5422287390029324,1.5,2.0,20,Voxel-wise permutation,n
0.0,0.5545454545454545,1.5,2.25,20,Voxel-wise permutation,n
0.0,0.5611436950146629,1.5,2.5,20,Voxel-wise permutation,n
0.05,0.5737536656891495,1.5,2.75,20,Voxel-wise permutation,n
0.1,0.5824046920821113,1.5,3.0,20,Voxel-wise permutation,n
0.05,0.0,1.75,0.0,20,Voxel-wise permutation,n
0.1,0.0034912718204488775,1.75,0.1,20,Voxel-wise permutation,n
0.0,0.14326683291770573,1.75,0.25,20,Voxel-wise permutation,n
0.05,0.3048628428927681,1.75,0.5,20,Voxel-wise permutation,n
0.0,0.37630922693266833,1.75,0.75,20,Voxel-wise permutation,n
0.1,0.4174563591022443,1.75,1.0,20,Voxel-wise permutation,n
0.0,0.4468827930174564,1.75,1.25,20,Voxel-wise permutation,n
0.0,0.47032418952618454,1.75,1.5,20,Voxel-wise permutation,n
0.1,0.4968827930174563,1.75,1.75,20,Voxel-wise permutation,n
0.1,0.5109725685785536,1.75,2.0,20,Voxel-wise permutation,n
0.05,0.5163341645885287,1.75,2.25,20,Voxel-wise permutation,n
0.0,0.5457605985037406,1.75,2.5,20,Voxel-wise permutation,n
0.15,0.5541147132169577,1.75,2.75,20,Voxel-wise permutation,n
0.05,0.5699501246882794,1.75,3.0,20,Voxel-wise permutation,n
0.0,0.0002288329519450801,2.0,0.0,20,Voxel-wise permutation,n
0.25,0.003089244851258581,2.0,0.1,20,Voxel-wise permutation,n
0.05,0.16464530892448512,2.0,0.25,20,Voxel-wise permutation,n
0.0,0.3128146453089245,2.0,0.5,20,Voxel-wise permutation,n
0.0,0.3812356979405035,2.0,0.75,20,Voxel-wise permutation,n
0.0,0.42059496567505716,2.0,1.0,20,Voxel-wise permutation,n
0.05,0.45377574370709384,2.0,1.25,20,Voxel-wise permutation,n
0.0,0.4758581235697942,2.0,1.5,20,Voxel-wise permutation,n
0.0,0.5074370709382151,2.0,1.75,20,Voxel-wise permutation,n
0.1,0.5258581235697941,2.0,2.0,20,Voxel-wise permutation,n
0.0,0.5389016018306636,2.0,2.25,20,Voxel-wise permutation,n
0.05,0.5502288329519451,2.0,2.5,20,Voxel-wise permutation,n
0.05,0.5635011441647596,2.0,2.75,20,Voxel-wise permutation,n
0.0,0.5708237986270024,2.0,3.0,20,Voxel-wise permutation,n
0.0,0.0,2.25,0.0,20,Voxel-wise permutation,n
0.0,0.0036217303822937627,2.25,0.1,20,Voxel-wise permutation,n
0.1,0.16529175050301811,2.25,0.25,20,Voxel-wise permutation,n
0.0,0.29839034205231385,2.25,0.5,20,Voxel-wise permutation,n
0.0,0.373943661971831,2.25,0.75,20,Voxel-wise permutation,n
0.15,0.4056338028169014,2.25,1.0,20,Voxel-wise permutation,n
0.05,0.4498993963782696,2.25,1.25,20,Voxel-wise permutation,n
0.05,0.4685110663983904,2.25,1.5,20,Voxel-wise permutation,n
0.15,0.48812877263581483,2.25,1.75,20,Voxel-wise permutation,n
0.0,0.504225352112676,2.25,2.0,20,Voxel-wise permutation,n
0.05,0.520020120724346,2.25,2.25,20,Voxel-wise permutation,n
0.0,0.5335010060362173,2.25,2.5,20,Voxel-wise permutation,n
0.05,0.5556338028169014,2.25,2.75,20,Voxel-wise permutation,n
0.0,0.564989939637827,2.25,3.0,20,Voxel-wise permutation,n
0.1,0.00017825311942959,2.5,0.0,20,Voxel-wise permutation,n
0.0,0.009714795008912655,2.5,0.1,20,Voxel-wise permutation,n
0.05,0.1660427807486631,2.5,0.25,20,Voxel-wise permutation,n
0.1,0.2963458110516934,2.5,0.5,20,Voxel-wise permutation,n
0.05,0.3512477718360071,2.5,0.75,20,Voxel-wise permutation,n
0.05,0.3983957219251336,2.5,1.0,20,Voxel-wise permutation,n
0.0,0.42941176470588244,2.5,1.25,20,Voxel-wise permutation,n
0.0,0.45802139037433154,2.5,1.5,20,Voxel-wise permutation,n
0.05,0.4789661319073083,2.5,1.75,20,Voxel-wise permutation,n
0.0,0.4927807486631016,2.5,2.0,20,Voxel-wise permutation,n
0.0,0.5172014260249554,2.5,2.25,20,Voxel-wise permutation,n
0.0,0.526114081996435,2.5,2.5,20,Voxel-wise permutation,n
0.05,0.5426916221033868,2.5,2.75,20,Voxel-wise permutation,n
0.05,0.5517825311942961,2.5,3.0,20,Voxel-wise permutation,n
0.05,0.0006441223832528181,2.75,0.0,20,Voxel-wise permutation,n
0.1,0.0034621578099838972,2.75,0.1,20,Voxel-wise permutation,n
0.05,0.1563607085346216,2.75,0.25,20,Voxel-wise permutation,n
0.0,0.2818035426731079,2.75,0.5,20,Voxel-wise permutation,n
0.05,0.3559581320450885,2.75,0.75,20,Voxel-wise permutation,n
0.05,0.38462157809983893,2.75,1.0,20,Voxel-wise permutation,n
0.1,0.4214975845410628,2.75,1.25,20,Voxel-wise permutation,n
0.0,0.4528985507246377,2.75,1.5,20,Voxel-wise permutation,n
0.0,0.47359098228663443,2.75,1.75,20,Voxel-wise permutation,n
0.1,0.49613526570048305,2.75,2.0,20,Voxel-wise permutation,n
0.0,0.5086956521739131,2.75,2.25,20,Voxel-wise permutation,n
0.05,0.5242351046698873,2.75,2.5,20,Voxel-wise permutation,n
0.15,0.5380837359098228,2.75,2.75,20,Voxel-wise permutation,n
0.15,0.5498389694041868,2.75,3.0,20,Voxel-wise permutation,n
0.05,0.0,3.0,0.0,20,Voxel-wise permutation,n
0.05,0.023054331864904555,3.0,0.1,20,Voxel-wise permutation,n
0.1,0.16270190895741557,3.0,0.25,20,Voxel-wise permutation,n
0.05,0.2832599118942732,3.0,0.5,20,Voxel-wise permutation,n
0.1,0.35154185022026424,3.0,0.75,20,Voxel-wise permutation,n
0.0,0.393245227606461,3.0,1.0,20,Voxel-wise permutation,n
0.1,0.4262848751835537,3.0,1.25,20,Voxel-wise permutation,n
0.1,0.4542584434654919,3.0,1.5,20,Voxel-wise permutation,n
0.0,0.47834067547723935,3.0,1.75,20,Voxel-wise permutation,n
0.15,0.4899412628487519,3.0,2.0,20,Voxel-wise permutation,n
0.05,0.5176945668135097,3.0,2.25,20,Voxel-wise permutation,n
0.05,0.5234948604992657,3.0,2.5,20,Voxel-wise permutation,n
0.05,0.5388399412628487,3.0,2.75,20,Voxel-wise permutation,n
0.05,0.5522760646108663,3.0,3.0,20,Voxel-wise permutation,n
0.1,0.0,0.0,0.0,30,Voxel-wise permutation,n
0.1,0.0,0.0,0.1,30,Voxel-wise permutation,n
0.15,0.0017699115044247787,0.0,0.25,30,Voxel-wise permutation,n
0.0,0.026991150442477872,0.0,0.5,30,Voxel-wise permutation,n
0.0,0.19646017699115043,0.0,0.75,30,Voxel-wise permutation,n
0.05,0.6261061946902655,0.0,1.0,30,Voxel-wise permutation,n
0.15,0.906637168141593,0.0,1.25,30,Voxel-wise permutation,n
0.1,0.9938053097345134,0.0,1.5,30,Voxel-wise permutation,n
0.1,0.9986725663716814,0.0,1.75,30,Voxel-wise permutation,n
0.05,1.0,0.0,2.0,30,Voxel-wise permutation,n
0.05,1.0,0.0,2.25,30,Voxel-wise permutation,n
0.1,1.0,0.0,2.5,30,Voxel-wise permutation,n
0.0,1.0,0.0,2.75,30,Voxel-wise permutation,n
0.0,1.0,0.0,3.0,30,Voxel-wise permutation,n
0.05,0.0,0.1,0.0,30,Voxel-wise permutation,n
0.05,0.0,0.1,0.1,30,Voxel-wise permutation,n
0.0,0.0008849557522123894,0.1,0.25,30,Voxel-wise permutation,n
0.1,0.023451327433628315,0.1,0.5,30,Voxel-wise permutation,n
0.05,0.2026548672566372,0.1,0.75,30,Voxel-wise permutation,n
0.05,0.5946902654867257,0.1,1.0,30,Voxel-wise permutation,n
0.05,0.9336283185840706,0.1,1.25,30,Voxel-wise permutation,n
0.05,0.9960176991150442,0.1,1.5,30,Voxel-wise permutation,n
0.05,1.0,0.1,1.75,30,Voxel-wise permutation,n
0.0,1.0,0.1,2.0,30,Voxel-wise permutation,n
0.05,1.0,0.1,2.25,30,Voxel-wise permutation,n
0.05,1.0,0.1,2.5,30,Voxel-wise permutation,n
0.05,1.0,0.1,2.75,30,Voxel-wise permutation,n
0.05,1.0,0.1,3.0,30,Voxel-wise permutation,n
0.05,0.0,0.25,0.0,30,Voxel-wise permutation,n
0.15,0.0004424778761061947,0.25,0.1,30,Voxel-wise permutation,n
0.05,0.0017699115044247787,0.25,0.25,30,Voxel-wise permutation,n
0.05,0.02610619469026549,0.25,0.5,30,Voxel-wise permutation,n
0.05,0.20132743362831856,0.25,0.75,30,Voxel-wise permutation,n
0.05,0.6123893805309735,0.25,1.0,30,Voxel-wise permutation,n
0.05,0.9230088495575222,0.25,1.25,30,Voxel-wise permutation,n
0.05,0.9938053097345133,0.25,1.5,30,Voxel-wise permutation,n
0.15,1.0,0.25,1.75,30,Voxel-wise permutation,n
0.05,1.0,0.25,2.0,30,Voxel-wise permutation,n
0.0,1.0,0.25,2.25,30,Voxel-wise permutation,n
0.05,1.0,0.25,2.5,30,Voxel-wise permutation,n
0.05,1.0,0.25,2.75,30,Voxel-wise permutation,n
0.0,1.0,0.25,3.0,30,Voxel-wise permutation,n
0.05,0.0002958579881656805,0.5,0.0,30,Voxel-wise permutation,n
0.1,0.0002958579881656805,0.5,0.1,30,Voxel-wise permutation,n
0.05,0.0029585798816568047,0.5,0.25,30,Voxel-wise permutation,n
0.05,0.13846153846153847,0.5,0.5,30,Voxel-wise permutation,n
0.05,0.5307692307692308,0.5,0.75,30,Voxel-wise permutation,n
0.05,0.6523668639053255,0.5,1.0,30,Voxel-wise permutation,n
0.05,0.6689349112426035,0.5,1.25,30,Voxel-wise permutation,n
0.0,0.6698224852071005,0.5,1.5,30,Voxel-wise permutation,n
0.15,0.6718934911242604,0.5,1.75,30,Voxel-wise permutation,n
0.15,0.6739644970414201,0.5,2.0,30,Voxel-wise permutation,n
0.05,0.677810650887574,0.5,2.25,30,Voxel-wise permutation,n
0.1,0.6843195266272188,0.5,2.5,30,Voxel-wise permutation,n
0.05,0.6949704142011834,0.5,2.75,30,Voxel-wise permutation,n
0.1,0.7085798816568047,0.5,3.0,30,Voxel-wise permutation,n
0.1,0.0,0.75,0.0,30,Voxel-wise permutation,n
0.2,0.00023474178403755868,0.75,0.1,30,Voxel-wise permutation,n
0.05,0.03427230046948357,0.75,0.25,30,Voxel-wise permutation,n
0.05,0.4349765258215963,0.75,0.5,30,Voxel-wise permutation,n
0.0,0.5314553990610329,0.75,0.75,30,Voxel-wise permutation,n
0.05,0.5617370892018778,0.75,1.0,30,Voxel-wise permutation,n
0.1,0.5974178403755868,0.75,1.25,30,Voxel-wise permutation,n
0.05,0.6227699530516431,0.75,1.5,30,Voxel-wise permutation,n
0.1,0.6446009389671362,0.75,1.75,30,Voxel-wise permutation,n
0.1,0.665962441314554,0.75,2.0,30,Voxel-wise permutation,n
0.0,0.6755868544600939,0.75,2.25,30,Voxel-wise permutation,n
0.0,0.685680751173709,0.75,2.5,30,Voxel-wise permutation,n
0.05,0.6924882629107982,0.75,2.75,30,Voxel-wise permutation,n
0.0,0.6981220657276994,0.75,3.0,30,Voxel-wise permutation,n
0.05,0.0,1.0,0.0,30,Voxel-wise permutation,n
0.05,0.0009578544061302681,1.0,0.1,30,Voxel-wise permutation,n
0.05,0.12413793103448276,1.0,0.25,30,Voxel-wise permutation,n
0.05,0.4134099616858237,1.0,0.5,30,Voxel-wise permutation,n
0.0,0.47988505747126425,1.0,0.75,30,Voxel-wise permutation,n
0.0,0.5235632183908047,1.0,1.0,30,Voxel-wise permutation,n
0.0,0.546360153256705,1.0,1.25,30,Voxel-wise permutation,n
0.05,0.564367816091954,1.0,1.5,30,Voxel-wise permutation,n
0.1,0.5806513409961684,1.0,1.75,30,Voxel-wise permutation,n
0.0,0.596168582375479,1.0,2.0,30,Voxel-wise permutation,n
0.0,0.610536398467433,1.0,2.25,30,Voxel-wise permutation,n
0.0,0.6243295019157088,1.0,2.5,30,Voxel-wise permutation,n
0.05,0.6383141762452108,1.0,2.75,30,Voxel-wise permutation,n
0.05,0.6499999999999999,1.0,3.0,30,Voxel-wise permutation,n
0.1,0.0,1.25,0.0,30,Voxel-wise permutation,n
0.0,0.0030716723549488053,1.25,0.1,30,Voxel-wise permutation,n
0.0,0.2114334470989761,1.25,0.25,30,Voxel-wise permutation,n
0.1,0.4044368600682594,1.25,0.5,30,Voxel-wise permutation,n
0.0,0.4735494880546076,1.25,0.75,30,Voxel-wise permutation,n
0.05,0.5160409556313994,1.25,1.0,30,Voxel-wise permutation,n
0.0,0.5389078498293516,1.25,1.25,30,Voxel-wise permutation,n
0.15,0.5709897610921502,1.25,1.5,30,Voxel-wise permutation,n
0.05,0.5844709897610921,1.25,1.75,30,Voxel-wise permutation,n
0.1,0.6046075085324233,1.25,2.0,30,Voxel-wise permutation,n
0.05,0.6133105802047781,1.25,2.25,30,Voxel-wise permutation,n
0.0,0.6206484641638225,1.25,2.5,30,Voxel-wise permutation,n
0.0,0.6313993174061434,1.25,2.75,30,Voxel-wise permutation,n
0.05,0.6406143344709897,1.25,3.0,30,Voxel-wise permutation,n
0.05,0.0,1.5,0.0,30,Voxel-wise permutation,n
0.05,0.004252199413489735,1.5,0.1,30,Voxel-wise permutation,n
0.2,0.22961876832844572,1.5,0.25,30,Voxel-wise permutation,n
0.0,0.3838709677419354,1.5,0.5,30,Voxel-wise permutation,n
0.05,0.4457478005865103,1.5,0.75,30,Voxel-wise permutation,n
0.0,0.48856304985337246,1.5,1.0,30,Voxel-wise permutation,n
0.0,0.5218475073313782,1.5,1.25,30,Voxel-wise permutation,n
0.05,0.5431085043988271,1.5,1.5,30,Voxel-wise permutation,n
0.1,0.5599706744868034,1.5,1.75,30,Voxel-wise permutation,n
0.15,0.5711143695014662,1.5,2.0,30,Voxel-wise permutation,n
0.1,0.5936950146627565,1.5,2.25,30,Voxel-wise permutation,n
0.15,0.6036656891495602,1.5,2.5,30,Voxel-wise permutation,n
0.1,0.6202346041055717,1.5,2.75,30,Voxel-wise permutation,n
0.1,0.6307917888563049,1.5,3.0,30,Voxel-wise permutation,n
0.05,0.0,1.75,0.0,30,Voxel-wise permutation,n
0.05,0.017955112219451376,1.75,0.1,30,Voxel-wise permutation,n
0.15,0.22793017456359102,1.75,0.25,30,Voxel-wise permutation,n
0.0,0.36246882793017454,1.75,0.5,30,Voxel-wise permutation,n
0.05,0.41758104738154617,1.75,0.75,30,Voxel-wise permutation,n
0.05,0.4617206982543641,1.75,1.0,30,Voxel-wise permutation,n
0.05,0.48665835411471325,1.75,1.25,30,Voxel-wise permutation,n
0.2,0.5100997506234414,1.75,1.5,30,Voxel-wise permutation,n
0.0,0.5345386533665836,1.75,1.75,30,Voxel-wise permutation,n
0.1,0.5504987531172071,1.75,2.0,30,Voxel-wise permutation,n
0.1,0.5690773067331671,1.75,2.25,30,Voxel-wise permutation,n
0.05,0.5785536159600998,1.75,2.5,30,Voxel-wise permutation,n
0.15,0.5905236907730674,1.75,2.75,30,Voxel-wise permutation,n
0.1,0.5988778054862843,1.75,3.0,30,Voxel-wise permutation,n
0.0,0.0,2.0,0.0,30,Voxel-wise permutation,n
0.05,0.018192219679633866,2.0,0.1,30,Voxel-wise permutation,n
0.05,0.23146453089244856,2.0,0.25,30,Voxel-wise permutation,n
0.1,0.36441647597254,2.0,0.5,30,Voxel-wise permutation,n
0.2,0.42414187643020584,2.0,0.75,30,Voxel-wise permutation,n
0.05,0.46498855835240266,2.0,1.0,30,Voxel-wise permutation,n
0.05,0.5014874141876431,2.0,1.25,30,Voxel-wise permutation,n
0.05,0.5229977116704806,2.0,1.5,30,Voxel-wise permutation,n
0.05,0.5448512585812357,2.0,1.75,30,Voxel-wise permutation,n
0.1,0.5640732265446224,2.0,2.0,30,Voxel-wise permutation,n
0.1,0.5755148741418764,2.0,2.25,30,Voxel-wise permutation,n
0.1,0.587299771167048,2.0,2.5,30,Voxel-wise permutation,n
0.1,0.6030892448512586,2.0,2.75,30,Voxel-wise permutation,n
0.15,0.6143020594965675,2.0,3.0,30,Voxel-wise permutation,n
0.05,0.0,2.25,0.0,30,Voxel-wise permutation,n
0.05,0.035311871227364185,2.25,0.1,30,Voxel-wise permutation,n
0.0,0.23008048289738428,2.25,0.25,30,Voxel-wise permutation,n
0.1,0.34758551307847085,2.25,0.5,30,Voxel-wise permutation,n
0.05,0.4182092555331992,2.25,0.75,30,Voxel-wise permutation,n
0.0,0.4571428571428572,2.25,1.0,30,Voxel-wise permutation,n
0.1,0.48108651911468814,2.25,1.25,30,Voxel-wise permutation,n
0.05,0.5087525150905433,2.25,1.5,30,Voxel-wise permutation,n
0.0,0.5263581488933602,2.25,1.75,30,Voxel-wise permutation,n
0.05,0.5520120724346078,2.25,2.0,30,Voxel-wise permutation,n
0.05,0.5685110663983903,2.25,2.25,30,Voxel-wise permutation,n
0.0,0.5809859154929577,2.25,2.5,30,Voxel-wise permutation,n
0.0,0.5920523138832998,2.25,2.75,30,Voxel-wise permutation,n
0.0,0.5976861167002012,2.25,3.0,30,Voxel-wise permutation,n
0.2,0.0,2.5,0.0,30,Voxel-wise permutation,n
0.0,0.024598930481283424,2.5,0.1,30,Voxel-wise permutation,n
0.1,0.2199643493761141,2.5,0.25,30,Voxel-wise permutation,n
0.15,0.33538324420677357,2.5,0.5,30,Voxel-wise permutation,n
0.05,0.3992869875222816,2.5,0.75,30,Voxel-wise permutation,n
0.05,0.43663101604278076,2.5,1.0,30,Voxel-wise permutation,n
0.05,0.4745098039215686,2.5,1.25,30,Voxel-wise permutation,n
0.0,0.5028520499108735,2.5,1.5,30,Voxel-wise permutation,n
0.0,0.522994652406417,2.5,1.75,30,Voxel-wise permutation,n
0.05,0.5406417112299464,2.5,2.0,30,Voxel-wise permutation,n
0.05,0.5483957219251338,2.5,2.25,30,Voxel-wise permutation,n
0.1,0.5702317290552584,2.5,2.5,30,Voxel-wise permutation,n
0.05,0.5825311942959002,2.5,2.75,30,Voxel-wise permutation,n
0.0,0.5958110516934048,2.5,3.0,30,Voxel-wise permutation,n
0.05,0.0,2.75,0.0,30,Voxel-wise permutation,n
0.05,0.022463768115942032,2.75,0.1,30,Voxel-wise permutation,n
0.05,0.2182769726247987,2.75,0.25,30,Voxel-wise permutation,n
0.0,0.33365539452495974,2.75,0.5,30,Voxel-wise permutation,n
0.05,0.40104669887278577,2.75,0.75,30,Voxel-wise permutation,n
0.1,0.44412238325281805,2.75,1.0,30,Voxel-wise permutation,n
0.05,0.46674718196457327,2.75,1.25,30,Voxel-wise permutation,n
0.05,0.498792270531401,2.75,1.5,30,Voxel-wise permutation,n
0.15,0.5157809983896942,2.75,1.75,30,Voxel-wise permutation,n
0.1,0.5333333333333333,2.75,2.0,30,Voxel-wise permutation,n
0.05,0.5559581320450886,2.75,2.25,30,Voxel-wise permutation,n
0.15,0.5685185185185186,2.75,2.5,30,Voxel-wise permutation,n
0.05,0.5784219001610305,2.75,2.75,30,Voxel-wise permutation,n
0.05,0.5876006441223833,2.75,3.0,30,Voxel-wise permutation,n
0.1,0.0,3.0,0.0,30,Voxel-wise permutation,n
0.1,0.03847283406754772,3.0,0.1,30,Voxel-wise permutation,n
0.0,0.2155653450807636,3.0,0.25,30,Voxel-wise permutation,n
0.05,0.33362701908957415,3.0,0.5,30,Voxel-wise permutation,n
0.0,0.3942731277533039,3.0,0.75,30,Voxel-wise permutation,n
0.0,0.4413362701908958,3.0,1.0,30,Voxel-wise permutation,n
0.0,0.4658590308370044,3.0,1.25,30,Voxel-wise permutation,n
0.05,0.49801762114537446,3.0,1.5,30,Voxel-wise permutation,n
0.05,0.5104992657856094,3.0,1.75,30,Voxel-wise permutation,n
0.05,0.5361233480176211,3.0,2.0,30,Voxel-wise permutation,n
0.1,0.5575624082232011,3.0,2.25,30,Voxel-wise permutation,n
0.0,0.5692364170337738,3.0,2.5,30,Voxel-wise permutation,n
0.1,0.5784875183553597,3.0,2.75,30,Voxel-wise permutation,n
0.0,0.595741556534508,3.0,3.0,30,Voxel-wise permutation,n
0.15,0.0,0.0,0.0,45,Voxel-wise permutation,n
0.0,0.0,0.0,0.1,45,Voxel-wise permutation,n
0.1,0.002654867256637168,0.0,0.25,45,Voxel-wise permutation,n
0.15,0.08805309734513275,0.0,0.5,45,Voxel-wise permutation,n
0.0,0.5769911504424778,0.0,0.75,45,Voxel-wise permutation,n
0.15,0.947345132743363,0.0,1.0,45,Voxel-wise permutation,n
0.1,0.9995575221238939,0.0,1.25,45,Voxel-wise permutation,n
0.05,1.0,0.0,1.5,45,Voxel-wise permutation,n
0.1,1.0,0.0,1.75,45,Voxel-wise permutation,n
0.0,1.0,0.0,2.0,45,Voxel-wise permutation,n
0.1,1.0,0.0,2.25,45,Voxel-wise permutation,n
0.2,1.0,0.0,2.5,45,Voxel-wise permutation,n
0.1,1.0,0.0,2.75,45,Voxel-wise permutation,n
0.05,1.0,0.0,3.0,45,Voxel-wise permutation,n
0.0,0.0,0.1,0.0,45,Voxel-wise permutation,n
0.15,0.0,0.1,0.1,45,Voxel-wise permutation,n
0.0,0.002654867256637168,0.1,0.25,45,Voxel-wise permutation,n
0.15,0.1075221238938053,0.1,0.5,45,Voxel-wise permutation,n
0.05,0.5292035398230087,0.1,0.75,45,Voxel-wise permutation,n
0.05,0.95,0.1,1.0,45,Voxel-wise permutation,n
0.15,0.9986725663716814,0.1,1.25,45,Voxel-wise permutation,n
0.1,1.0,0.1,1.5,45,Voxel-wise permutation,n
0.05,1.0,0.1,1.75,45,Voxel-wise permutation,n
0.1,1.0,0.1,2.0,45,Voxel-wise permutation,n
0.1,1.0,0.1,2.25,45,Voxel-wise permutation,n
0.0,1.0,0.1,2.5,45,Voxel-wise permutation,n
0.05,1.0,0.1,2.75,45,Voxel-wise permutation,n
0.05,1.0,0.1,3.0,45,Voxel-wise permutation,n
0.1,0.0,0.25,0.0,45,Voxel-wise permutation,n
0.1,0.0,0.25,0.1,45,Voxel-wise permutation,n
0.2,0.003097345132743363,0.25,0.25,45,Voxel-wise permutation,n
0.05,0.09557522123893805,0.25,0.5,45,Voxel-wise permutation,n
0.05,0.5765486725663717,0.25,0.75,45,Voxel-wise permutation,n
0.1,0.9305309734513273,0.25,1.0,45,Voxel-wise permutation,n
0.0,0.9986725663716814,0.25,1.25,45,Voxel-wise permutation,n
0.05,1.0,0.25,1.5,45,Voxel-wise permutation,n
0.1,1.0,0.25,1.75,45,Voxel-wise permutation,n
0.0,1.0,0.25,2.0,45,Voxel-wise permutation,n
0.2,1.0,0.25,2.25,45,Voxel-wise permutation,n
0.0,1.0,0.25,2.5,45,Voxel-wise permutation,n
0.15,1.0,0.25,2.75,45,Voxel-wise permutation,n
0.05,1.0,0.25,3.0,45,Voxel-wise permutation,n
0.05,0.0,0.5,0.0,45,Voxel-wise permutation,n
0.0,0.001183431952662722,0.5,0.1,45,Voxel-wise permutation,n
0.0,0.014792899408284025,0.5,0.25,45,Voxel-wise permutation,n
0.05,0.3568047337278107,0.5,0.5,45,Voxel-wise permutation,n
0.05,0.6535502958579882,0.5,0.75,45,Voxel-wise permutation,n
0.2,0.6689349112426035,0.5,1.0,45,Voxel-wise permutation,n
0.2,0.6715976331360947,0.5,1.25,45,Voxel-wise permutation,n
0.15,0.6742603550295859,0.5,1.5,45,Voxel-wise permutation,n
0.0,0.6754437869822485,0.5,1.75,45,Voxel-wise permutation,n
0.05,0.6914201183431953,0.5,2.0,45,Voxel-wise permutation,n
0.0,0.7017751479289941,0.5,2.25,45,Voxel-wise permutation,n
0.15,0.719526627218935,0.5,2.5,45,Voxel-wise permutation,n
0.0,0.7357988165680474,0.5,2.75,45,Voxel-wise permutation,n
0.05,0.7529585798816568,0.5,3.0,45,Voxel-wise permutation,n
0.0,0.0,0.75,0.0,45,Voxel-wise permutation,n
0.05,0.0007042253521126761,0.75,0.1,45,Voxel-wise permutation,n
0.05,0.14530516431924884,0.75,0.25,45,Voxel-wise permutation,n
0.05,0.510093896713615,0.75,0.5,45,Voxel-wise permutation,n
0.0,0.5605633802816901,0.75,0.75,45,Voxel-wise permutation,n
0.0,0.602112676056338,0.75,1.0,45,Voxel-wise permutation,n
0.05,0.6373239436619718,0.75,1.25,45,Voxel-wise permutation,n
0.1,0.6610328638497653,0.75,1.5,45,Voxel-wise permutation,n
0.1,0.6762910798122065,0.75,1.75,45,Voxel-wise permutation,n
0.05,0.687793427230047,0.75,2.0,45,Voxel-wise permutation,n
0.05,0.6948356807511737,0.75,2.25,45,Voxel-wise permutation,n
0.05,0.7014084507042254,0.75,2.5,45,Voxel-wise permutation,n
0.3,0.7044600938967136,0.75,2.75,45,Voxel-wise permutation,n
0.05,0.7077464788732394,0.75,3.0,45,Voxel-wise permutation,n
0.05,0.0,1.0,0.0,45,Voxel-wise permutation,n
0.05,0.006321839080459769,1.0,0.1,45,Voxel-wise permutation,n
0.05,0.26206896551724135,1.0,0.25,45,Voxel-wise permutation,n
0.05,0.4536398467432951,1.0,0.5,45,Voxel-wise permutation,n
0.05,0.5203065134099616,1.0,0.75,45,Voxel-wise permutation,n
0.05,0.5545977011494253,1.0,1.0,45,Voxel-wise permutation,n
0.05,0.5743295019157089,1.0,1.25,45,Voxel-wise permutation,n
0.0,0.5978927203065134,1.0,1.5,45,Voxel-wise permutation,n
0.1,0.6160919540229884,1.0,1.75,45,Voxel-wise permutation,n
0.1,0.6371647509578544,1.0,2.0,45,Voxel-wise permutation,n
0.0,0.6454022988505748,1.0,2.25,45,Voxel-wise permutation,n
0.15,0.6551724137931034,1.0,2.5,45,Voxel-wise permutation,n
0.0,0.6595785440613027,1.0,2.75,45,Voxel-wise permutation,n
0.1,0.6649425287356323,1.0,3.0,45,Voxel-wise permutation,n
0.1,0.0,1.25,0.0,45,Voxel-wise permutation,n
0.15,0.010750853242320817,1.25,0.1,45,Voxel-wise permutation,n
0.05,0.3197952218430034,1.25,0.25,45,Voxel-wise permutation,n
0.15,0.4546075085324232,1.25,0.5,45,Voxel-wise permutation,n
0.05,0.5042662116040955,1.25,0.75,45,Voxel-wise permutation,n
0.05,0.5459044368600682,1.25,1.0,45,Voxel-wise permutation,n
0.05,0.5812286689419796,1.25,1.25,45,Voxel-wise permutation,n
0.0,0.6034129692832765,1.25,1.5,45,Voxel-wise permutation,n
0.15,0.6112627986348121,1.25,1.75,45,Voxel-wise permutation,n
0.05,0.6284982935153584,1.25,2.0,45,Voxel-wise permutation,n
0.1,0.6399317406143344,1.25,2.25,45,Voxel-wise permutation,n
0.2,0.6505119453924915,1.25,2.5,45,Voxel-wise permutation,n
0.0,0.66740614334471,1.25,2.75,45,Voxel-wise permutation,n
0.05,0.6726962457337884,1.25,3.0,45,Voxel-wise permutation,n
0.1,0.0,1.5,0.0,45,Voxel-wise permutation,n
0.1,0.0249266862170088,1.5,0.1,45,Voxel-wise permutation,n
0.05,0.2976539589442814,1.5,0.25,45,Voxel-wise permutation,n
0.1,0.42815249266862165,1.5,0.5,45,Voxel-wise permutation,n
0.05,0.4890029325513196,1.5,0.75,45,Voxel-wise permutation,n
0.0,0.5230205278592376,1.5,1.0,45,Voxel-wise permutation,n
0.05,0.5517595307917889,1.5,1.25,45,Voxel-wise permutation,n
0.0,0.5750733137829911,1.5,1.5,45,Voxel-wise permutation,n
0.1,0.595601173020528,1.5,1.75,45,Voxel-wise permutation,n
0.0,0.6155425219941348,1.5,2.0,45,Voxel-wise permutation,n
0.0,0.6269794721407624,1.5,2.25,45,Voxel-wise permutation,n
0.1,0.6363636363636364,1.5,2.5,45,Voxel-wise permutation,n
0.15,0.6510263929618768,1.5,2.75,45,Voxel-wise permutation,n
0.0,0.6626099706744867,1.5,3.0,45,Voxel-wise permutation,n
0.1,0.0,1.75,0.0,45,Voxel-wise permutation,n
0.0,0.0456359102244389,1.75,0.1,45,Voxel-wise permutation,n
0.1,0.2879052369077306,1.75,0.25,45,Voxel-wise permutation,n
0.1,0.4043640897755611,1.75,0.5,45,Voxel-wise permutation,n
0.0,0.4603491271820449,1.75,0.75,45,Voxel-wise permutation,n
0.05,0.4902743142144638,1.75,1.0,45,Voxel-wise permutation,n
0.1,0.5284289276807979,1.75,1.25,45,Voxel-wise permutation,n
0.0,0.5466334164588529,1.75,1.5,45,Voxel-wise permutation,n
0.0,0.5645885286783043,1.75,1.75,45,Voxel-wise permutation,n
0.05,0.5861596009975063,1.75,2.0,45,Voxel-wise permutation,n
0.1,0.5962593516209477,1.75,2.25,45,Voxel-wise permutation,n
0.05,0.6086034912718203,1.75,2.5,45,Voxel-wise permutation,n
0.05,0.6113466334164588,1.75,2.75,45,Voxel-wise permutation,n
0.1,0.6245635910224439,1.75,3.0,45,Voxel-wise permutation,n
0.05,0.00034324942791762013,2.0,0.0,45,Voxel-wise permutation,n
0.0,0.06990846681922196,2.0,0.1,45,Voxel-wise permutation,n
0.0,0.2872997711670481,2.0,0.25,45,Voxel-wise permutation,n
0.1,0.39862700228832953,2.0,0.5,45,Voxel-wise permutation,n
0.1,0.4559496567505721,2.0,0.75,45,Voxel-wise permutation,n
0.15,0.5036613272311212,2.0,1.0,45,Voxel-wise permutation,n
0.05,0.540045766590389,2.0,1.25,45,Voxel-wise permutation,n
0.05,0.5608695652173912,2.0,1.5,45,Voxel-wise permutation,n
0.0,0.576887871853547,2.0,1.75,45,Voxel-wise permutation,n
0.0,0.5955377574370709,2.0,2.0,45,Voxel-wise permutation,n
0.05,0.608466819221968,2.0,2.25,45,Voxel-wise permutation,n
0.0,0.6252860411899315,2.0,2.5,45,Voxel-wise permutation,n
0.1,0.6400457665903889,2.0,2.75,45,Voxel-wise permutation,n
0.05,0.648741418764302,2.0,3.0,45,Voxel-wise permutation,n
0.05,0.0,2.25,0.0,45,Voxel-wise permutation,n
0.0,0.07002012072434607,2.25,0.1,45,Voxel-wise permutation,n
0.0,0.27464788732394363,2.25,0.25,45,Voxel-wise permutation,n
0.05,0.3899396378269617,2.25,0.5,45,Voxel-wise permutation,n
0.05,0.44688128772635827,2.25,0.75,45,Voxel-wise permutation,n
0.05,0.483702213279678,2.25,1.0,45,Voxel-wise permutation,n
0.05,0.5182092555331993,2.25,1.25,45,Voxel-wise permutation,n
0.05,0.545774647887324,2.25,1.5,45,Voxel-wise permutation,n
0.15,0.5711267605633802,2.25,1.75,45,Voxel-wise permutation,n
0.1,0.5876257545271629,2.25,2.0,45,Voxel-wise permutation,n
0.05,0.5992957746478873,2.25,2.25,45,Voxel-wise permutation,n
0.0,0.606338028169014,2.25,2.5,45,Voxel-wise permutation,n
0.05,0.6223340040241447,2.25,2.75,45,Voxel-wise permutation,n
0.05,0.6325955734406439,2.25,3.0,45,Voxel-wise permutation,n
0.2,0.0,2.5,0.0,45,Voxel-wise permutation,n
0.05,0.08297682709447415,2.5,0.1,45,Voxel-wise permutation,n
0.05,0.26925133689839575,2.5,0.25,45,Voxel-wise permutation,n
0.0,0.3787878787878788,2.5,0.5,45,Voxel-wise permutation,n
0.0,0.433511586452763,2.5,0.75,45,Voxel-wise permutation,n
0.05,0.4763814616755793,2.5,1.0,45,Voxel-wise permutation,n
0.0,0.517379679144385,2.5,1.25,45,Voxel-wise permutation,n
0.0,0.5348484848484848,2.5,1.5,45,Voxel-wise permutation,n
0.05,0.5506238859180035,2.5,1.75,45,Voxel-wise permutation,n
0.1,0.5740641711229946,2.5,2.0,45,Voxel-wise permutation,n
0.0,0.5868092691622103,2.5,2.25,45,Voxel-wise permutation,n
0.0,0.5974153297682709,2.5,2.5,45,Voxel-wise permutation,n
0.1,0.6157754010695188,2.5,2.75,45,Voxel-wise permutation,n
0.0,0.6297682709447415,2.5,3.0,45,Voxel-wise permutation,n
0.1,0.0,2.75,0.0,45,Voxel-wise permutation,n
0.05,0.08438003220611917,2.75,0.1,45,Voxel-wise permutation,n
0.0,0.2556360708534622,2.75,0.25,45,Voxel-wise permutation,n
0.05,0.3743961352657005,2.75,0.5,45,Voxel-wise permutation,n
0.15,0.43341384863123994,2.75,0.75,45,Voxel-wise permutation,n
0.05,0.48228663446054754,2.75,1.0,45,Voxel-wise permutation,n
0.0,0.5011272141706924,2.75,1.25,45,Voxel-wise permutation,n
0.15,0.5386473429951691,2.75,1.5,45,Voxel-wise permutation,n
0.1,0.5537842190016103,2.75,1.75,45,Voxel-wise permutation,n
0.15,0.5730273752012883,2.75,2.0,45,Voxel-wise permutation,n
0.1,0.5864734299516908,2.75,2.25,45,Voxel-wise permutation,n
0.05,0.5980676328502414,2.75,2.5,45,Voxel-wise permutation,n
0.0,0.6095813204508859,2.75,2.75,45,Voxel-wise permutation,n
0.0,0.6269726247987117,2.75,3.0,45,Voxel-wise permutation,n
0.1,0.0,3.0,0.0,45,Voxel-wise permutation,n
0.05,0.08751835535976504,3.0,0.1,45,Voxel-wise permutation,n
0.1,0.2602790014684288,3.0,0.25,45,Voxel-wise permutation,n
0.05,0.3751101321585903,3.0,0.5,45,Voxel-wise permutation,n
0.05,0.43311306901615276,3.0,0.75,45,Voxel-wise permutation,n
0.05,0.46960352422907486,3.0,1.0,45,Voxel-wise permutation,n
0.05,0.5135095447870778,3.0,1.25,45,Voxel-wise permutation,n
0.0,0.5347283406754773,3.0,1.5,45,Voxel-wise permutation,n
0.0,0.551762114537445,3.0,1.75,45,Voxel-wise permutation,n
0.0,0.5753303964757711,3.0,2.0,45,Voxel-wise permutation,n
0.0,0.5869309838472835,3.0,2.25,45,Voxel-wise permutation,n
0.05,0.605359765051395,3.0,2.5,45,Voxel-wise permutation,n
0.1,0.6140969162995595,3.0,2.75,45,Voxel-wise permutation,n
0.0,0.6253303964757708,3.0,3.0,45,Voxel-wise permutation,n
0.1,0.0,0.0,0.0,60,Voxel-wise permutation,n
0.1,0.0,0.0,0.1,60,Voxel-wise permutation,n
0.05,0.0048672566371681415,0.0,0.25,60,Voxel-wise permutation,n
0.05,0.22920353982300887,0.0,0.5,60,Voxel-wise permutation,n
0.05,0.8309734513274336,0.0,0.75,60,Voxel-wise permutation,n
0.15,0.9977876106194691,0.0,1.0,60,Voxel-wise permutation,n
0.25,1.0,0.0,1.25,60,Voxel-wise permutation,n
0.0,1.0,0.0,1.5,60,Voxel-wise permutation,n
0.05,1.0,0.0,1.75,60,Voxel-wise permutation,n
0.1,1.0,0.0,2.0,60,Voxel-wise permutation,n
0.0,1.0,0.0,2.25,60,Voxel-wise permutation,n
0.05,1.0,0.0,2.5,60,Voxel-wise permutation,n
0.0,1.0,0.0,2.75,60,Voxel-wise permutation,n
0.1,1.0,0.0,3.0,60,Voxel-wise permutation,n
0.1,0.0,0.1,0.0,60,Voxel-wise permutation,n
0.1,0.0,0.1,0.1,60,Voxel-wise permutation,n
0.1,0.007079646017699115,0.1,0.25,60,Voxel-wise permutation,n
0.0,0.23230088495575218,0.1,0.5,60,Voxel-wise permutation,n
0.05,0.8690265486725662,0.1,0.75,60,Voxel-wise permutation,n
0.0,0.9969026548672566,0.1,1.0,60,Voxel-wise permutation,n
0.1,1.0,0.1,1.25,60,Voxel-wise permutation,n
0.15,1.0,0.1,1.5,60,Voxel-wise permutation,n
0.1,1.0,0.1,1.75,60,Voxel-wise permutation,n
0.05,1.0,0.1,2.0,60,Voxel-wise permutation,n
0.1,1.0,0.1,2.25,60,Voxel-wise permutation,n
0.0,1.0,0.1,2.5,60,Voxel-wise permutation,n
0.05,1.0,0.1,2.75,60,Voxel-wise permutation,n
0.1,1.0,0.1,3.0,60,Voxel-wise permutation,n
0.05,0.0,0.25,0.0,60,Voxel-wise permutation,n
0.25,0.0,0.25,0.1,60,Voxel-wise permutation,n
0.1,0.005752212389380531,0.25,0.25,60,Voxel-wise permutation,n
0.1,0.24203539823008852,0.25,0.5,60,Voxel-wise permutation,n
0.1,0.8424778761061946,0.25,0.75,60,Voxel-wise permutation,n
0.05,0.9977876106194691,0.25,1.0,60,Voxel-wise permutation,n
0.0,1.0,0.25,1.25,60,Voxel-wise permutation,n
0.05,1.0,0.25,1.5,60,Voxel-wise permutation,n
0.0,1.0,0.25,1.75,60,Voxel-wise permutation,n
0.15,1.0,0.25,2.0,60,Voxel-wise permutation,n
0.0,1.0,0.25,2.25,60,Voxel-wise permutation,n
0.05,1.0,0.25,2.5,60,Voxel-wise permutation,n
0.1,1.0,0.25,2.75,60,Voxel-wise permutation,n
0.0,1.0,0.25,3.0,60,Voxel-wise permutation,n
0.0,0.0,0.5,0.0,60,Voxel-wise permutation,n
0.15,0.0008875739644970415,0.5,0.1,60,Voxel-wise permutation,n
0.15,0.03609467455621301,0.5,0.25,60,Voxel-wise permutation,n
0.15,0.5571005917159763,0.5,0.5,60,Voxel-wise permutation,n
0.05,0.6671597633136095,0.5,0.75,60,Voxel-wise permutation,n
0.0,0.6707100591715977,0.5,1.0,60,Voxel-wise permutation,n
0.0,0.6727810650887575,0.5,1.25,60,Voxel-wise permutation,n
0.0,0.678698224852071,0.5,1.5,60,Voxel-wise permutation,n
0.0,0.6905325443786982,0.5,1.75,60,Voxel-wise permutation,n
0.05,0.7068047337278107,0.5,2.0,60,Voxel-wise permutation,n
0.1,0.7334319526627218,0.5,2.25,60,Voxel-wise permutation,n
0.05,0.7508875739644971,0.5,2.5,60,Voxel-wise permutation,n
0.0,0.764792899408284,0.5,2.75,60,Voxel-wise permutation,n
0.0,0.7766272189349113,0.5,3.0,60,Voxel-wise permutation,n
0.05,0.0,0.75,0.0,60,Voxel-wise permutation,n
0.1,0.004460093896713614,0.75,0.1,60,Voxel-wise permutation,n
0.05,0.27863849765258214,0.75,0.25,60,Voxel-wise permutation,n
0.2,0.5338028169014084,0.75,0.5,60,Voxel-wise permutation,n
0.05,0.585680751173709,0.75,0.75,60,Voxel-wise permutation,n
0.05,0.6300469483568075,0.75,1.0,60,Voxel-wise permutation,n
0.1,0.6612676056338029,0.75,1.25,60,Voxel-wise permutation,n
0.05,0.677699530516432,0.75,1.5,60,Voxel-wise permutation,n
0.0,0.6920187793427229,0.75,1.75,60,Voxel-wise permutation,n
0.05,0.6985915492957746,0.75,2.0,60,Voxel-wise permutation,n
0.2,0.7044600938967137,0.75,2.25,60,Voxel-wise permutation,n
0.0,0.7103286384976526,0.75,2.5,60,Voxel-wise permutation,n
0.0,0.7173708920187793,0.75,2.75,60,Voxel-wise permutation,n
0.0,0.7215962441314553,0.75,3.0,60,Voxel-wise permutation,n
0.0,0.0,1.0,0.0,60,Voxel-wise permutation,n
0.0,0.012643678160919538,1.0,0.1,60,Voxel-wise permutation,n
0.0,0.3477011494252874,1.0,0.25,60,Voxel-wise permutation,n
0.05,0.48773946360153253,1.0,0.5,60,Voxel-wise permutation,n
0.05,0.5392720306513409,1.0,0.75,60,Voxel-wise permutation,n
0.0,0.5693486590038315,1.0,1.0,60,Voxel-wise permutation,n
0.1,0.5906130268199233,1.0,1.25,60,Voxel-wise permutation,n
0.0,0.6168582375478926,1.0,1.5,60,Voxel-wise permutation,n
0.0,0.6365900383141764,1.0,1.75,60,Voxel-wise permutation,n
0.15,0.650191570881226,1.0,2.0,60,Voxel-wise permutation,n
0.15,0.6593869731800767,1.0,2.25,60,Voxel-wise permutation,n
0.05,0.6662835249042146,1.0,2.5,60,Voxel-wise permutation,n
0.05,0.6731800766283526,1.0,2.75,60,Voxel-wise permutation,n
0.15,0.6775862068965516,1.0,3.0,60,Voxel-wise permutation,n
0.1,0.0,1.25,0.0,60,Voxel-wise permutation,n
0.0,0.027645051194539257,1.25,0.1,60,Voxel-wise permutation,n
0.05,0.3575085324232082,1.25,0.25,60,Voxel-wise permutation,n
0.0,0.4802047781569965,1.25,0.5,60,Voxel-wise permutation,n
0.05,0.5284982935153584,1.25,0.75,60,Voxel-wise permutation,n
0.05,0.5781569965870308,1.25,1.0,60,Voxel-wise permutation,n
0.05,0.6006825938566553,1.25,1.25,60,Voxel-wise permutation,n
0.05,0.6165529010238908,1.25,1.5,60,Voxel-wise permutation,n
0.0,0.6346416382252559,1.25,1.75,60,Voxel-wise permutation,n
0.15,0.6464163822525598,1.25,2.0,60,Voxel-wise permutation,n
0.1,0.6583617747440275,1.25,2.25,60,Voxel-wise permutation,n
0.05,0.6752559726962457,1.25,2.5,60,Voxel-wise permutation,n
0.0,0.6820819112627986,1.25,2.75,60,Voxel-wise permutation,n
0.15,0.693174061433447,1.25,3.0,60,Voxel-wise permutation,n
0.05,0.0,1.5,0.0,60,Voxel-wise permutation,n
0.0,0.06539589442815248,1.5,0.1,60,Voxel-wise permutation,n
0.0,0.34941348973607034,1.5,0.25,60,Voxel-wise permutation,n
0.1,0.4519061583577712,1.5,0.5,60,Voxel-wise permutation,n
0.05,0.5139296187683284,1.5,0.75,60,Voxel-wise permutation,n
0.05,0.5442815249266861,1.5,1.0,60,Voxel-wise permutation,n
0.1,0.5705278592375367,1.5,1.25,60,Voxel-wise permutation,n
0.1,0.5953079178885631,1.5,1.5,60,Voxel-wise permutation,n
0.05,0.6143695014662757,1.5,1.75,60,Voxel-wise permutation,n
0.1,0.636217008797654,1.5,2.0,60,Voxel-wise permutation,n
0.05,0.6483870967741936,1.5,2.25,60,Voxel-wise permutation,n
0.05,0.6567448680351907,1.5,2.5,60,Voxel-wise permutation,n
0.05,0.6662756598240469,1.5,2.75,60,Voxel-wise permutation,n
0.05,0.6762463343108503,1.5,3.0,60,Voxel-wise permutation,n
0.05,0.0,1.75,0.0,60,Voxel-wise permutation,n
0.05,0.06807980049875312,1.75,0.1,60,Voxel-wise permutation,n
0.0,0.3172069825436409,1.75,0.25,60,Voxel-wise permutation,n
0.0,0.42855361596009967,1.75,0.5,60,Voxel-wise permutation,n
0.0,0.4761845386533666,1.75,0.75,60,Voxel-wise permutation,n
0.05,0.5133416458852867,1.75,1.0,60,Voxel-wise permutation,n
0.0,0.5497506234413965,1.75,1.25,60,Voxel-wise permutation,n
0.05,0.5638403990024938,1.75,1.5,60,Voxel-wise permutation,n
0.05,0.5866583541147132,1.75,1.75,60,Voxel-wise permutation,n
0.0,0.6041147132169575,1.75,2.0,60,Voxel-wise permutation,n
0.0,0.612718204488778,1.75,2.25,60,Voxel-wise permutation,n
0.05,0.6221945137157107,1.75,2.5,60,Voxel-wise permutation,n
0.05,0.6311720698254363,1.75,2.75,60,Voxel-wise permutation,n
0.1,0.6458852867830425,1.75,3.0,60,Voxel-wise permutation,n
0.0,0.0,2.0,0.0,60,Voxel-wise permutation,n
0.05,0.09553775743707092,2.0,0.1,60,Voxel-wise permutation,n
0.1,0.3110983981693364,2.0,0.25,60,Voxel-wise permutation,n
0.05,0.4275743707093822,2.0,0.5,60,Voxel-wise permutation,n
0.05,0.49027459954233416,2.0,0.75,60,Voxel-wise permutation,n
0.1,0.5278032036613272,2.0,1.0,60,Voxel-wise permutation,n
0.1,0.5574370709382149,2.0,1.25,60,Voxel-wise permutation,n
0.1,0.5759725400457667,2.0,1.5,60,Voxel-wise permutation,n
0.1,0.6037757437070939,2.0,1.75,60,Voxel-wise permutation,n
0.1,0.6179633867276888,2.0,2.0,60,Voxel-wise permutation,n
0.0,0.634324942791762,2.0,2.25,60,Voxel-wise permutation,n
0.1,0.6477116704805492,2.0,2.5,60,Voxel-wise permutation,n
0.0,0.659954233409611,2.0,2.75,60,Voxel-wise permutation,n
0.05,0.6668192219679635,2.0,3.0,60,Voxel-wise permutation,n
0.05,0.0,2.25,0.0,60,Voxel-wise permutation,n
0.1,0.10804828973843057,2.25,0.1,60,Voxel-wise permutation,n
0.1,0.30653923541247485,2.25,0.25,60,Voxel-wise permutation,n
0.1,0.40855130784708243,2.25,0.5,60,Voxel-wise permutation,n
0.1,0.4728370221327968,2.25,0.75,60,Voxel-wise permutation,n
0.15,0.5156941649899396,2.25,1.0,60,Voxel-wise permutation,n
0.05,0.5410462776659959,2.25,1.25,60,Voxel-wise permutation,n
0.0,0.5698189134808853,2.25,1.5,60,Voxel-wise permutation,n
0.05,0.5873239436619717,2.25,1.75,60,Voxel-wise permutation,n
0.05,0.6012072434607646,2.25,2.0,60,Voxel-wise permutation,n
0.0,0.6201207243460766,2.25,2.25,60,Voxel-wise permutation,n
0.1,0.6313883299798793,2.25,2.5,60,Voxel-wise permutation,n
0.05,0.6456740442655936,2.25,2.75,60,Voxel-wise permutation,n
0.15,0.6611670020120725,2.25,3.0,60,Voxel-wise permutation,n
0.05,0.0,2.5,0.0,60,Voxel-wise permutation,n
0.05,0.12825311942959003,2.5,0.1,60,Voxel-wise permutation,n
0.0,0.2948306595365419,2.5,0.25,60,Voxel-wise permutation,n
0.0,0.40534759358288763,2.5,0.5,60,Voxel-wise permutation,n
0.05,0.4619429590017826,2.5,0.75,60,Voxel-wise permutation,n
0.05,0.5039215686274511,2.5,1.0,60,Voxel-wise permutation,n
0.05,0.5336898395721925,2.5,1.25,60,Voxel-wise permutation,n
0.0,0.5547237076648843,2.5,1.5,60,Voxel-wise permutation,n
0.05,0.5773618538324421,2.5,1.75,60,Voxel-wise permutation,n
0.05,0.5954545454545455,2.5,2.0,60,Voxel-wise permutation,n
0.05,0.6117647058823529,2.5,2.25,60,Voxel-wise permutation,n
0.1,0.6242424242424243,2.5,2.5,60,Voxel-wise permutation,n
0.1,0.6337789661319073,2.5,2.75,60,Voxel-wise permutation,n
0.1,0.6488413547237077,2.5,3.0,60,Voxel-wise permutation,n
0.1,0.0,2.75,0.0,60,Voxel-wise permutation,n
0.1,0.10571658615136877,2.75,0.1,60,Voxel-wise permutation,n
0.05,0.29267310789049916,2.75,0.25,60,Voxel-wise permutation,n
0.05,0.39581320450885665,2.75,0.5,60,Voxel-wise permutation,n
0.05,0.45950080515297903,2.75,0.75,60,Voxel-wise permutation,n
0.0,0.5015297906602255,2.75,1.0,60,Voxel-wise permutation,n
0.05,0.5290660225442834,2.75,1.25,60,Voxel-wise permutation,n
0.1,0.5567632850241547,2.75,1.5,60,Voxel-wise permutation,n
0.05,0.5710144927536234,2.75,1.75,60,Voxel-wise permutation,n
0.1,0.5983896940418679,2.75,2.0,60,Voxel-wise permutation,n
0.1,0.6089371980676329,2.75,2.25,60,Voxel-wise permutation,n
0.0,0.625684380032206,2.75,2.5,60,Voxel-wise permutation,n
0.0,0.6403381642512077,2.75,2.75,60,Voxel-wise permutation,n
0.1,0.6475040257648952,2.75,3.0,60,Voxel-wise permutation,n
0.05,0.0,3.0,0.0,60,Voxel-wise permutation,n
0.15,0.1315712187958884,3.0,0.1,60,Voxel-wise permutation,n
0.05,0.29588839941262857,3.0,0.25,60,Voxel-wise permutation,n
0.1,0.39552129221732746,3.0,0.5,60,Voxel-wise permutation,n
0.1,0.4646108663729809,3.0,0.75,60,Voxel-wise permutation,n
0.05,0.49897209985315716,3.0,1.0,60,Voxel-wise permutation,n
0.05,0.5229074889867842,3.0,1.25,60,Voxel-wise permutation,n
0.05,0.5548458149779736,3.0,1.5,60,Voxel-wise permutation,n
0.05,0.5729074889867841,3.0,1.75,60,Voxel-wise permutation,n
0.1,0.5923641703377387,3.0,2.0,60,Voxel-wise permutation,n
0.05,0.6052863436123348,3.0,2.25,60,Voxel-wise permutation,n
0.1,0.6227606461086637,3.0,2.5,60,Voxel-wise permutation,n
0.05,0.642511013215859,3.0,2.75,60,Voxel-wise permutation,n
0.05,0.6558737151248164,3.0,3.0,60,Voxel-wise permutation,n
